impl,profile,suite,op,variant,algorithm_path,dispatch_path,isa_observed,kernel_route,depth,channels,layout,shape,cvh_ms,opencv_ms,speedup,status,note
cvh_auto,full,core_mat,MAT_CREATE,reuse_same_shape,headers_baseline,headers_baseline,unknown,headers_baseline,CV_8U,1,continuous,480x640,0.000046,0.000002,0.052248,OK,cvh_ui_uses_cvh_headers;micro_iters_x1000
cvh_auto,full,core_mat,MAT_CLONE,full_copy,headers_baseline,headers_baseline,unknown,headers_baseline,CV_8U,1,continuous,480x640,0.008850,0.008975,1.014124,OK,
cvh_auto,full,core_mat,MAT_COPYTO,continuous_reuse,headers_baseline,headers_baseline,unknown,headers_baseline,CV_8U,1,continuous,480x640,0.008204,0.008225,1.002548,OK,
cvh_auto,full,core_mat,MAT_SETTO,scalar_all,headers_baseline,headers_baseline,unknown,headers_baseline,CV_8U,1,continuous,480x640,0.007800,0.011446,1.467410,OK,
cvh_auto,full,core_mat,MAT_CONVERTTO,CV_8U_to_CV_32F,headers_baseline,headers_baseline,unknown,headers_baseline,CV_8U,1,continuous,480x640,0.034183,0.026679,0.780475,OK,
cvh_auto,full,core_mat,MAT_RESHAPE,to_column_view,headers_baseline,headers_baseline,unknown,headers_baseline,CV_8U,1,continuous,480x640,0.000101,0.000034,0.333539,OK,micro_iters_x1000
cvh_auto,full,core_mat,MAT_CREATE,reuse_same_shape,headers_baseline,headers_baseline,unknown,headers_baseline,CV_8U,1,continuous,720x1280,0.000032,0.000002,0.070428,OK,cvh_ui_uses_cvh_headers;micro_iters_x1000
cvh_auto,full,core_mat,MAT_CLONE,full_copy,headers_baseline,headers_baseline,unknown,headers_baseline,CV_8U,1,continuous,720x1280,0.020767,0.018063,0.869782,OK,
cvh_auto,full,core_mat,MAT_COPYTO,continuous_reuse,headers_baseline,headers_baseline,unknown,headers_baseline,CV_8U,1,continuous,720x1280,0.017533,0.017754,1.012599,OK,
cvh_auto,full,core_mat,MAT_SETTO,scalar_all,headers_baseline,headers_baseline,unknown,headers_baseline,CV_8U,1,continuous,720x1280,0.018079,0.016583,0.917259,OK,
cvh_auto,full,core_mat,MAT_CONVERTTO,CV_8U_to_CV_32F,headers_baseline,headers_baseline,unknown,headers_baseline,CV_8U,1,continuous,720x1280,0.047271,0.049000,1.036579,OK,
cvh_auto,full,core_mat,MAT_RESHAPE,to_column_view,headers_baseline,headers_baseline,unknown,headers_baseline,CV_8U,1,continuous,720x1280,0.000057,0.000020,0.353946,OK,micro_iters_x1000
cvh_auto,full,core_mat,MAT_CREATE,reuse_same_shape,headers_baseline,headers_baseline,unknown,headers_baseline,CV_8U,1,continuous,1080x1920,0.000019,0.000001,0.074364,OK,cvh_ui_uses_cvh_headers;micro_iters_x1000
cvh_auto,full,core_mat,MAT_CLONE,full_copy,headers_baseline,headers_baseline,unknown,headers_baseline,CV_8U,1,continuous,1080x1920,0.030117,0.027692,0.919477,OK,
cvh_auto,full,core_mat,MAT_COPYTO,continuous_reuse,headers_baseline,headers_baseline,unknown,headers_baseline,CV_8U,1,continuous,1080x1920,0.027346,0.026379,0.964649,OK,
cvh_auto,full,core_mat,MAT_SETTO,scalar_all,headers_baseline,headers_baseline,unknown,headers_baseline,CV_8U,1,continuous,1080x1920,0.028113,0.025763,0.916407,OK,
cvh_auto,full,core_mat,MAT_CONVERTTO,CV_8U_to_CV_32F,headers_baseline,headers_baseline,unknown,headers_baseline,CV_8U,1,continuous,1080x1920,0.082988,0.081642,0.983783,OK,
cvh_auto,full,core_mat,MAT_RESHAPE,to_column_view,headers_baseline,headers_baseline,unknown,headers_baseline,CV_8U,1,continuous,1080x1920,0.000045,0.000015,0.343781,OK,micro_iters_x1000
cvh_auto,full,core_mat,MAT_CREATE,reuse_same_shape,headers_baseline,headers_baseline,unknown,headers_baseline,CV_8U,1,continuous,479x641,0.000016,0.000001,0.073229,OK,cvh_ui_uses_cvh_headers;micro_iters_x1000
cvh_auto,full,core_mat,MAT_CLONE,full_copy,headers_baseline,headers_baseline,unknown,headers_baseline,CV_8U,1,continuous,479x641,0.003821,0.003667,0.959668,OK,
cvh_auto,full,core_mat,MAT_COPYTO,continuous_reuse,headers_baseline,headers_baseline,unknown,headers_baseline,CV_8U,1,continuous,479x641,0.003587,0.003375,0.940767,OK,
cvh_auto,full,core_mat,MAT_SETTO,scalar_all,headers_baseline,headers_baseline,unknown,headers_baseline,CV_8U,1,continuous,479x641,0.004213,0.003808,0.904047,OK,
cvh_auto,full,core_mat,MAT_CONVERTTO,CV_8U_to_CV_32F,headers_baseline,headers_baseline,unknown,headers_baseline,CV_8U,1,continuous,479x641,0.012037,0.013179,1.094845,OK,
cvh_auto,full,core_mat,MAT_RESHAPE,to_column_view,headers_baseline,headers_baseline,unknown,headers_baseline,CV_8U,1,continuous,479x641,0.000043,0.000015,0.353884,OK,micro_iters_x1000
cvh_auto,full,core_mat,ADD,mat_mat_continuous,opencv_ui,opencv_ui,unknown,opencv_ui,CV_8U,1,continuous,480x640,0.009404,0.007033,0.747889,OK,correctness=upstream_pass
cvh_auto,full,core_mat,SUBTRACT,mat_mat_continuous,opencv_ui,opencv_ui,unknown,opencv_ui,CV_8U,1,continuous,480x640,0.009667,0.007042,0.728449,OK,correctness=upstream_pass
cvh_auto,full,core_mat,MULTIPLY,mat_mat_continuous,opencv_ui,opencv_ui,unknown,opencv_ui,CV_8U,1,continuous,480x640,0.009396,0.006921,0.736595,OK,correctness=upstream_pass
cvh_auto,full,core_mat,DIVIDE,mat_mat_continuous,scalar,scalar,unknown,scalar,CV_8U,1,continuous,480x640,0.296958,0.066746,0.224765,OK,correctness=upstream_pass;u8_divide_abs_tolerance=1
cvh_auto,full,core_mat,TRANSPOSE,continuous,opencv_ui,opencv_ui,unknown,opencv_ui,CV_8U,1,continuous,480x640,0.006858,0.006646,0.969016,OK,correctness=upstream_pass
cvh_auto,full,core_mat,ADD,mat_mat_continuous,opencv_ui,opencv_ui,unknown,opencv_ui,CV_8U,3,continuous,480x640,0.027183,0.022037,0.810700,OK,correctness=upstream_pass
cvh_auto,full,core_mat,SUBTRACT,mat_mat_continuous,opencv_ui,opencv_ui,unknown,opencv_ui,CV_8U,3,continuous,480x640,0.028579,0.022062,0.771978,OK,correctness=upstream_pass
cvh_auto,full,core_mat,MULTIPLY,mat_mat_continuous,opencv_ui,opencv_ui,unknown,opencv_ui,CV_8U,3,continuous,480x640,0.027171,0.022046,0.811382,OK,correctness=upstream_pass
cvh_auto,full,core_mat,DIVIDE,mat_mat_continuous,scalar,scalar,unknown,scalar,CV_8U,3,continuous,480x640,0.529975,0.201246,0.379727,OK,correctness=upstream_pass;u8_divide_abs_tolerance=1
cvh_auto,full,core_mat,TRANSPOSE,continuous,scalar,scalar,unknown,scalar,CV_8U,3,continuous,480x640,0.236508,0.083883,0.354674,OK,correctness=upstream_pass
cvh_auto,full,core_mat,ADD,mat_mat_continuous,opencv_ui,opencv_ui,unknown,opencv_ui,CV_32F,1,continuous,480x640,0.039521,0.030154,0.762993,OK,correctness=upstream_pass
cvh_auto,full,core_mat,SUBTRACT,mat_mat_continuous,opencv_ui,opencv_ui,unknown,opencv_ui,CV_32F,1,continuous,480x640,0.039696,0.029663,0.747243,OK,correctness=upstream_pass
cvh_auto,full,core_mat,MULTIPLY,mat_mat_continuous,opencv_ui,opencv_ui,unknown,opencv_ui,CV_32F,1,continuous,480x640,0.039604,0.029621,0.747923,OK,correctness=upstream_pass
cvh_auto,full,core_mat,DIVIDE,mat_mat_continuous,opencv_ui,opencv_ui,unknown,opencv_ui,CV_32F,1,continuous,480x640,0.040917,0.029454,0.719855,OK,correctness=upstream_pass
cvh_auto,full,core_mat,TRANSPOSE,continuous,opencv_ui,opencv_ui,unknown,opencv_ui,CV_32F,1,continuous,480x640,0.070438,0.070650,1.003017,OK,correctness=upstream_pass
cvh_auto,full,core_mat,ADD,mat_mat_continuous,opencv_ui,opencv_ui,unknown,opencv_ui,CV_32F,3,continuous,480x640,0.111504,0.089604,0.803595,OK,correctness=upstream_pass
cvh_auto,full,core_mat,SUBTRACT,mat_mat_continuous,opencv_ui,opencv_ui,unknown,opencv_ui,CV_32F,3,continuous,480x640,0.113888,0.090308,0.792961,OK,correctness=upstream_pass
cvh_auto,full,core_mat,MULTIPLY,mat_mat_continuous,opencv_ui,opencv_ui,unknown,opencv_ui,CV_32F,3,continuous,480x640,0.111408,0.091012,0.816927,OK,correctness=upstream_pass
cvh_auto,full,core_mat,DIVIDE,mat_mat_continuous,opencv_ui,opencv_ui,unknown,opencv_ui,CV_32F,3,continuous,480x640,0.118167,0.092250,0.780677,OK,correctness=upstream_pass
cvh_auto,full,core_mat,TRANSPOSE,continuous,scalar,scalar,unknown,scalar,CV_32F,3,continuous,480x640,0.269858,0.150500,0.557700,OK,correctness=upstream_pass
cvh_auto,full,core_mat,ADD,mat_mat_continuous,opencv_ui,opencv_ui,unknown,opencv_ui,CV_8U,1,continuous,720x1280,0.029442,0.022054,0.749080,OK,correctness=upstream_pass
cvh_auto,full,core_mat,SUBTRACT,mat_mat_continuous,opencv_ui,opencv_ui,unknown,opencv_ui,CV_8U,1,continuous,720x1280,0.029367,0.022067,0.751419,OK,correctness=upstream_pass
cvh_auto,full,core_mat,MULTIPLY,mat_mat_continuous,opencv_ui,opencv_ui,unknown,opencv_ui,CV_8U,1,continuous,720x1280,0.029367,0.022046,0.750707,OK,correctness=upstream_pass
cvh_auto,full,core_mat,DIVIDE,mat_mat_continuous,scalar,scalar,unknown,scalar,CV_8U,1,continuous,720x1280,0.892108,0.202079,0.226519,OK,correctness=upstream_pass;u8_divide_abs_tolerance=1
cvh_auto,full,core_mat,TRANSPOSE,continuous,opencv_ui,opencv_ui,unknown,opencv_ui,CV_8U,1,continuous,720x1280,0.052279,0.026854,0.513669,OK,correctness=upstream_pass
cvh_auto,full,core_mat,ADD,mat_mat_continuous,opencv_ui,opencv_ui,unknown,opencv_ui,CV_8U,3,continuous,720x1280,0.085950,0.066604,0.774918,OK,correctness=upstream_pass
cvh_auto,full,core_mat,SUBTRACT,mat_mat_continuous,opencv_ui,opencv_ui,unknown,opencv_ui,CV_8U,3,continuous,720x1280,0.085746,0.065979,0.769474,OK,correctness=upstream_pass
cvh_auto,full,core_mat,MULTIPLY,mat_mat_continuous,opencv_ui,opencv_ui,unknown,opencv_ui,CV_8U,3,continuous,720x1280,0.086833,0.065821,0.758014,OK,correctness=upstream_pass
cvh_auto,full,core_mat,DIVIDE,mat_mat_continuous,scalar,scalar,unknown,scalar,CV_8U,3,continuous,720x1280,1.586333,0.603392,0.380369,OK,correctness=upstream_pass;u8_divide_abs_tolerance=1
cvh_auto,full,core_mat,TRANSPOSE,continuous,scalar,scalar,unknown,scalar,CV_8U,3,continuous,720x1280,0.717033,0.364600,0.508484,OK,correctness=upstream_pass
cvh_auto,full,core_mat,ADD,mat_mat_continuous,opencv_ui,opencv_ui,unknown,opencv_ui,CV_32F,1,continuous,720x1280,0.113979,0.089600,0.786108,OK,correctness=upstream_pass
cvh_auto,full,core_mat,SUBTRACT,mat_mat_continuous,opencv_ui,opencv_ui,unknown,opencv_ui,CV_32F,1,continuous,720x1280,0.114675,0.090050,0.785263,OK,correctness=upstream_pass
cvh_auto,full,core_mat,MULTIPLY,mat_mat_continuous,opencv_ui,opencv_ui,unknown,opencv_ui,CV_32F,1,continuous,720x1280,0.113462,0.090950,0.801586,OK,correctness=upstream_pass
cvh_auto,full,core_mat,DIVIDE,mat_mat_continuous,opencv_ui,opencv_ui,unknown,opencv_ui,CV_32F,1,continuous,720x1280,0.117925,0.090946,0.771217,OK,correctness=upstream_pass
cvh_auto,full,core_mat,TRANSPOSE,continuous,opencv_ui,opencv_ui,unknown,opencv_ui,CV_32F,1,continuous,720x1280,0.286271,0.285304,0.996623,OK,correctness=upstream_pass
cvh_auto,full,core_mat,ADD,mat_mat_continuous,opencv_ui,opencv_ui,unknown,opencv_ui,CV_32F,3,continuous,720x1280,0.332225,0.268187,0.807247,OK,correctness=upstream_pass
cvh_auto,full,core_mat,SUBTRACT,mat_mat_continuous,opencv_ui,opencv_ui,unknown,opencv_ui,CV_32F,3,continuous,720x1280,0.328592,0.276004,0.839961,OK,correctness=upstream_pass
cvh_auto,full,core_mat,MULTIPLY,mat_mat_continuous,opencv_ui,opencv_ui,unknown,opencv_ui,CV_32F,3,continuous,720x1280,0.335987,0.268729,0.799819,OK,correctness=upstream_pass
cvh_auto,full,core_mat,DIVIDE,mat_mat_continuous,opencv_ui,opencv_ui,unknown,opencv_ui,CV_32F,3,continuous,720x1280,0.343971,0.272658,0.792679,OK,correctness=upstream_pass
cvh_auto,full,core_mat,TRANSPOSE,continuous,scalar,scalar,unknown,scalar,CV_32F,3,continuous,720x1280,0.897296,0.571571,0.636993,OK,correctness=upstream_pass
cvh_auto,full,core_mat,ADD,mat_mat_continuous,opencv_ui,opencv_ui,unknown,opencv_ui,CV_8U,1,continuous,1080x1920,0.060992,0.049729,0.815342,OK,correctness=upstream_pass
cvh_auto,full,core_mat,SUBTRACT,mat_mat_continuous,opencv_ui,opencv_ui,unknown,opencv_ui,CV_8U,1,continuous,1080x1920,0.064738,0.049817,0.769518,OK,correctness=upstream_pass
cvh_auto,full,core_mat,MULTIPLY,mat_mat_continuous,opencv_ui,opencv_ui,unknown,opencv_ui,CV_8U,1,continuous,1080x1920,0.061017,0.049575,0.812484,OK,correctness=upstream_pass
cvh_auto,full,core_mat,DIVIDE,mat_mat_continuous,scalar,scalar,unknown,scalar,CV_8U,1,continuous,1080x1920,2.012262,0.454817,0.226023,OK,correctness=upstream_pass;u8_divide_abs_tolerance=1
cvh_auto,full,core_mat,TRANSPOSE,continuous,opencv_ui,opencv_ui,unknown,opencv_ui,CV_8U,1,continuous,1080x1920,0.093800,0.117121,1.248623,OK,correctness=upstream_pass
cvh_auto,full,core_mat,ADD,mat_mat_continuous,opencv_ui,opencv_ui,unknown,opencv_ui,CV_8U,3,continuous,1080x1920,0.189758,0.149233,0.786439,OK,correctness=upstream_pass
cvh_auto,full,core_mat,SUBTRACT,mat_mat_continuous,opencv_ui,opencv_ui,unknown,opencv_ui,CV_8U,3,continuous,1080x1920,0.191029,0.150550,0.788099,OK,correctness=upstream_pass
cvh_auto,full,core_mat,MULTIPLY,mat_mat_continuous,opencv_ui,opencv_ui,unknown,opencv_ui,CV_8U,3,continuous,1080x1920,0.190050,0.149000,0.784004,OK,correctness=upstream_pass
cvh_auto,full,core_mat,DIVIDE,mat_mat_continuous,scalar,scalar,unknown,scalar,CV_8U,3,continuous,1080x1920,3.570358,1.363942,0.382018,OK,correctness=upstream_pass;u8_divide_abs_tolerance=1
cvh_auto,full,core_mat,TRANSPOSE,continuous,scalar,scalar,unknown,scalar,CV_8U,3,continuous,1080x1920,1.659833,0.697629,0.420301,OK,correctness=upstream_pass
cvh_auto,full,core_mat,ADD,mat_mat_continuous,opencv_ui,opencv_ui,unknown,opencv_ui,CV_32F,1,continuous,1080x1920,0.251329,0.201171,0.800427,OK,correctness=upstream_pass
cvh_auto,full,core_mat,SUBTRACT,mat_mat_continuous,opencv_ui,opencv_ui,unknown,opencv_ui,CV_32F,1,continuous,1080x1920,0.251400,0.201050,0.799722,OK,correctness=upstream_pass
cvh_auto,full,core_mat,MULTIPLY,mat_mat_continuous,opencv_ui,opencv_ui,unknown,opencv_ui,CV_32F,1,continuous,1080x1920,0.251396,0.199304,0.792790,OK,correctness=upstream_pass
cvh_auto,full,core_mat,DIVIDE,mat_mat_continuous,opencv_ui,opencv_ui,unknown,opencv_ui,CV_32F,1,continuous,1080x1920,0.263479,0.202767,0.769574,OK,correctness=upstream_pass
cvh_auto,full,core_mat,TRANSPOSE,continuous,opencv_ui,opencv_ui,unknown,opencv_ui,CV_32F,1,continuous,1080x1920,0.558033,0.533354,0.955775,OK,correctness=upstream_pass
cvh_auto,full,core_mat,ADD,mat_mat_continuous,opencv_ui,opencv_ui,unknown,opencv_ui,CV_32F,3,continuous,1080x1920,0.740058,0.616729,0.833352,OK,correctness=upstream_pass
cvh_auto,full,core_mat,SUBTRACT,mat_mat_continuous,opencv_ui,opencv_ui,unknown,opencv_ui,CV_32F,3,continuous,1080x1920,0.751454,0.655221,0.871937,OK,correctness=upstream_pass
cvh_auto,full,core_mat,MULTIPLY,mat_mat_continuous,opencv_ui,opencv_ui,unknown,opencv_ui,CV_32F,3,continuous,1080x1920,0.752979,0.645167,0.856819,OK,correctness=upstream_pass
cvh_auto,full,core_mat,DIVIDE,mat_mat_continuous,opencv_ui,opencv_ui,unknown,opencv_ui,CV_32F,3,continuous,1080x1920,0.772888,0.611896,0.791701,OK,correctness=upstream_pass
cvh_auto,full,core_mat,TRANSPOSE,continuous,scalar,scalar,unknown,scalar,CV_32F,3,continuous,1080x1920,2.474533,1.420796,0.574167,OK,correctness=upstream_pass
cvh_auto,full,core_mat,ADD,mat_mat_continuous,opencv_ui,opencv_ui,unknown,opencv_ui,CV_8U,1,continuous,479x641,0.009400,0.007096,0.754883,OK,correctness=upstream_pass
cvh_auto,full,core_mat,SUBTRACT,mat_mat_continuous,opencv_ui,opencv_ui,unknown,opencv_ui,CV_8U,1,continuous,479x641,0.010250,0.007062,0.689024,OK,correctness=upstream_pass
cvh_auto,full,core_mat,MULTIPLY,mat_mat_continuous,opencv_ui,opencv_ui,unknown,opencv_ui,CV_8U,1,continuous,479x641,0.009521,0.006950,0.729981,OK,correctness=upstream_pass
cvh_auto,full,core_mat,DIVIDE,mat_mat_continuous,scalar,scalar,unknown,scalar,CV_8U,1,continuous,479x641,0.299879,0.066700,0.222423,OK,correctness=upstream_pass;u8_divide_abs_tolerance=1
cvh_auto,full,core_mat,TRANSPOSE,continuous,opencv_ui,opencv_ui,unknown,opencv_ui,CV_8U,1,continuous,479x641,0.010387,0.009312,0.896510,OK,correctness=upstream_pass
cvh_auto,full,core_mat,ADD,mat_mat_continuous,opencv_ui,opencv_ui,unknown,opencv_ui,CV_8U,3,continuous,479x641,0.028913,0.022050,0.762646,OK,correctness=upstream_pass
cvh_auto,full,core_mat,SUBTRACT,mat_mat_continuous,opencv_ui,opencv_ui,unknown,opencv_ui,CV_8U,3,continuous,479x641,0.027429,0.022092,0.805404,OK,correctness=upstream_pass
cvh_auto,full,core_mat,MULTIPLY,mat_mat_continuous,opencv_ui,opencv_ui,unknown,opencv_ui,CV_8U,3,continuous,479x641,0.027996,0.022029,0.786875,OK,correctness=upstream_pass
cvh_auto,full,core_mat,DIVIDE,mat_mat_continuous,scalar,scalar,unknown,scalar,CV_8U,3,continuous,479x641,0.527217,0.201521,0.382235,OK,correctness=upstream_pass;u8_divide_abs_tolerance=1
cvh_auto,full,core_mat,TRANSPOSE,continuous,scalar,scalar,unknown,scalar,CV_8U,3,continuous,479x641,0.238250,0.082804,0.347551,OK,correctness=upstream_pass
cvh_auto,full,core_mat,ADD,mat_mat_continuous,opencv_ui,opencv_ui,unknown,opencv_ui,CV_32F,1,continuous,479x641,0.040029,0.029687,0.741648,OK,correctness=upstream_pass
cvh_auto,full,core_mat,SUBTRACT,mat_mat_continuous,opencv_ui,opencv_ui,unknown,opencv_ui,CV_32F,1,continuous,479x641,0.039950,0.029679,0.742909,OK,correctness=upstream_pass
cvh_auto,full,core_mat,MULTIPLY,mat_mat_continuous,opencv_ui,opencv_ui,unknown,opencv_ui,CV_32F,1,continuous,479x641,0.039833,0.029371,0.737343,OK,correctness=upstream_pass
cvh_auto,full,core_mat,DIVIDE,mat_mat_continuous,opencv_ui,opencv_ui,unknown,opencv_ui,CV_32F,1,continuous,479x641,0.041837,0.029633,0.708295,OK,correctness=upstream_pass
cvh_auto,full,core_mat,TRANSPOSE,continuous,opencv_ui,opencv_ui,unknown,opencv_ui,CV_32F,1,continuous,479x641,0.032025,0.031313,0.977752,OK,correctness=upstream_pass
cvh_auto,full,core_mat,ADD,mat_mat_continuous,opencv_ui,opencv_ui,unknown,opencv_ui,CV_32F,3,continuous,479x641,0.114671,0.088296,0.769994,OK,correctness=upstream_pass
cvh_auto,full,core_mat,SUBTRACT,mat_mat_continuous,opencv_ui,opencv_ui,unknown,opencv_ui,CV_32F,3,continuous,479x641,0.113754,0.088283,0.776090,OK,correctness=upstream_pass
cvh_auto,full,core_mat,MULTIPLY,mat_mat_continuous,opencv_ui,opencv_ui,unknown,opencv_ui,CV_32F,3,continuous,479x641,0.113537,0.088913,0.783111,OK,correctness=upstream_pass
cvh_auto,full,core_mat,DIVIDE,mat_mat_continuous,opencv_ui,opencv_ui,unknown,opencv_ui,CV_32F,3,continuous,479x641,0.117692,0.089296,0.758726,OK,correctness=upstream_pass
cvh_auto,full,core_mat,TRANSPOSE,continuous,scalar,scalar,unknown,scalar,CV_32F,3,continuous,479x641,0.267275,0.116579,0.436177,OK,correctness=upstream_pass
cvh_auto,full,core_mat,GEMM,fp32_nn_end_to_end,gemm_nn,neon,neon,neon,CV_32F,1,continuous,128x128x128,0.032912,0.003592,0.109126,OK,correctness=upstream_pass;shape=square_128;component=public_end_to_end;iters=10
cvh_auto,full,core_mat,GEMM,fp32_nn_pack_once,gemm_nn_packed_b,neon,neon,neon,CV_32F,1,continuous,128x128x128,0.031567,0.003529,0.111799,OK,correctness=upstream_pass;shape=square_128;component=public_pack_once;opencv_reuses_B_without_public_pack_handle;iters=10
cvh_auto,full,core_mat,GEMM,fp32_nn_end_to_end,gemm_nn,neon,neon,neon,CV_32F,1,continuous,32x512x64,0.019350,0.109571,5.662574,OK,correctness=upstream_pass;shape=skinny_m32_k512_n64;component=public_end_to_end;iters=10
cvh_auto,full,core_mat,GEMM,fp32_nn_pack_once,gemm_nn_packed_b,neon,neon,neon,CV_32F,1,continuous,32x512x64,0.016571,0.108429,6.543390,OK,correctness=upstream_pass;shape=skinny_m32_k512_n64;component=public_pack_once;opencv_reuses_B_without_public_pack_handle;iters=10
cvh_auto,full,core_mat,GEMM,fp32_nn_end_to_end,gemm_nn,neon,neon,neon,CV_32F,1,continuous,256x32x256,0.032496,0.005096,0.156814,OK,correctness=upstream_pass;shape=wide_m256_k32_n256;component=public_end_to_end;iters=10
cvh_auto,full,core_mat,GEMM,fp32_nn_pack_once,gemm_nn_packed_b,neon,neon,neon,CV_32F,1,continuous,256x32x256,0.031504,0.005167,0.164000,OK,correctness=upstream_pass;shape=wide_m256_k32_n256;component=public_pack_once;opencv_reuses_B_without_public_pack_handle;iters=10
cvh_auto,full,core_mat,GEMM,fp32_nn_end_to_end,gemm_nn,neon,neon,neon,CV_32F,1,continuous,256x256x256,0.254917,0.020825,0.081693,OK,correctness=upstream_pass;shape=square_256;component=public_end_to_end;iters=10
cvh_auto,full,core_mat,GEMM,fp32_nn_pack_once,gemm_nn_packed_b,neon,neon,neon,CV_32F,1,continuous,256x256x256,0.251412,0.020796,0.082716,OK,correctness=upstream_pass;shape=square_256;component=public_pack_once;opencv_reuses_B_without_public_pack_handle;iters=10
cvh_auto,full,core_mat,GEMM,fp32_nn_end_to_end,gemm_nn,neon,neon,neon,CV_32F,1,continuous,512x512x512,2.021583,0.160917,0.079600,OK,correctness=upstream_pass;shape=square_512;component=public_end_to_end;iters=1
cvh_auto,full,core_mat,GEMM,fp32_nn_pack_once,gemm_nn_packed_b,neon,neon,neon,CV_32F,1,continuous,512x512x512,2.002292,0.163000,0.081407,OK,correctness=upstream_pass;shape=square_512;component=public_pack_once;opencv_reuses_B_without_public_pack_handle;iters=1
cvh_auto,full,imgproc,RESIZE,linear_half_u8c1,resize_linear,opencv_ui,unknown,opencv_ui,CV_8U,1,continuous,480x640,0.018212,0.012150,0.667124,OK,
cvh_auto,full,imgproc,CVTCOLOR,BGR2GRAY_u8,cvtcolor_bgr2gray,opencv_ui,unknown,opencv_ui,CV_8U,3,continuous,480x640,0.030171,0.030171,1.000000,OK,
cvh_auto,full,imgproc,THRESHOLD,binary_u8,headers_baseline,headers_baseline,unknown,headers_baseline,CV_8U,1,continuous,480x640,0.004779,0.004858,1.016551,OK,
cvh_auto,full,imgproc,GAUSSIAN,5x5_replicate,gauss5x5_fixedpoint,opencv_ui,unknown,opencv_ui,CV_8U,1,continuous,480x640,0.070596,0.028342,0.401464,OK,
cvh_auto,full,imgproc,BOX_FILTER,3x3_replicate,box3x3,opencv_ui,unknown,opencv_ui,CV_8U,1,continuous,480x640,0.039729,0.040450,1.018143,OK,
cvh_auto,full,imgproc,LUT,invert_u8,header_fastpath,header_fastpath,unknown,header_fastpath,CV_8U,1,continuous,480x640,0.033283,0.025575,0.768401,OK,
cvh_auto,full,imgproc,COPY_MAKE_BORDER,2px_replicate,header_fastpath,header_fastpath,unknown,header_fastpath,CV_8U,1,continuous,480x640,0.006817,0.006421,0.941922,OK,
cvh_auto,full,imgproc,FILTER2D,3x3_replicate,cross3_direct,opencv_ui,unknown,opencv_ui,CV_8U,1,continuous,480x640,0.030671,0.084237,2.746496,OK,
cvh_auto,full,imgproc,SEP_FILTER2D,3x3_replicate,binomial3_typed,opencv_ui,unknown,opencv_ui,CV_8U,1,continuous,480x640,0.039904,0.084104,2.107656,OK,
cvh_auto,full,imgproc,SOBEL,dx1_ksize3_replicate,derivative_convolve,neon,neon,sobel3_u8:border=scalar;interior=neon;store=f32;tail=neon_overlap,CV_8U,1,continuous,480x640,0.085358,0.106750,1.250611,OK,
cvh_auto,full,imgproc,CANNY,aperture3_l1,canny_fused_gradient_ring_nms,opencv_ui,unknown,opencv_ui,CV_8U,1,continuous,480x640,3.783212,3.963862,1.047750,OK,
cvh_auto,full,imgproc,ERODE,3x3_replicate,morph_rect3x3,opencv_ui,unknown,opencv_ui,CV_8U,1,continuous,480x640,0.035763,0.020742,0.579985,OK,
cvh_auto,full,imgproc,DILATE,3x3_replicate,morph_rect3x3,opencv_ui,unknown,opencv_ui,CV_8U,1,continuous,480x640,0.034946,0.021225,0.607367,OK,
cvh_auto,full,imgproc,WARP_AFFINE,linear_inverse_replicate,affine_translation_u8_fixed_scanline,scalar,unknown,scalar,CV_8U,1,continuous,480x640,0.071121,0.288221,4.052553,OK,U8 linear path uses fixed coordinate blocks and shared sampling
cvh_auto,full,imgproc,REMAP,float_linear_u8c3,remap_float_fixed_blocks,scalar,unknown,scalar,CV_8U,3,continuous,480x640,0.706192,0.695429,0.984760,OK,Shared fixed coordinate block and U8 bilinear sampling path
cvh_auto,full,imgproc,REMAP,fixed_linear_u8c3,remap_fixed_contiguous_blocks,scalar,unknown,scalar,CV_8U,3,continuous,480x640,0.447837,0.684017,1.527377,OK,Shared fixed coordinate block and U8 bilinear sampling path
cvh_auto,full,imgproc,WARP_PERSPECTIVE,projective_linear_u8c3,fixed_coordinate_block,scalar,unknown,scalar,CV_8U,3,continuous,480x640,2.165713,0.949304,0.438333,OK,Shared fixed coordinate block and U8 bilinear sampling path
cvh_auto,full,imgproc,GET_RECT_SUB_PIX,full_frame_u8c3,public_header_scalar,public_header_scalar,unknown,public_header_scalar,CV_8U,3,continuous,480x640,0.011033,0.143883,13.040822,OK,no qualified SIMD fast path
cvh_auto,full,imgproc,RESIZE,linear_half_u8c1,resize_linear,opencv_ui,unknown,opencv_ui,CV_8U,1,continuous,720x1280,0.056446,0.037446,0.663394,OK,
cvh_auto,full,imgproc,CVTCOLOR,BGR2GRAY_u8,cvtcolor_bgr2gray,opencv_ui,unknown,opencv_ui,CV_8U,3,continuous,720x1280,0.090638,0.090400,0.997380,OK,
cvh_auto,full,imgproc,THRESHOLD,binary_u8,headers_baseline,headers_baseline,unknown,headers_baseline,CV_8U,1,continuous,720x1280,0.014412,0.014671,1.017922,OK,
cvh_auto,full,imgproc,GAUSSIAN,5x5_replicate,gauss5x5_fixedpoint,opencv_ui,unknown,opencv_ui,CV_8U,1,continuous,720x1280,0.165579,0.085979,0.519263,OK,
cvh_auto,full,imgproc,BOX_FILTER,3x3_replicate,box3x3,opencv_ui,unknown,opencv_ui,CV_8U,1,continuous,720x1280,0.109813,0.114625,1.043825,OK,
cvh_auto,full,imgproc,LUT,invert_u8,header_fastpath,header_fastpath,unknown,header_fastpath,CV_8U,1,continuous,720x1280,0.098758,0.076625,0.775883,OK,
cvh_auto,full,imgproc,COPY_MAKE_BORDER,2px_replicate,header_fastpath,header_fastpath,unknown,header_fastpath,CV_8U,1,continuous,720x1280,0.018758,0.017996,0.959357,OK,
cvh_auto,full,imgproc,FILTER2D,3x3_replicate,cross3_direct,opencv_ui,unknown,opencv_ui,CV_8U,1,continuous,720x1280,0.080350,0.247875,3.084941,OK,
cvh_auto,full,imgproc,SEP_FILTER2D,3x3_replicate,binomial3_typed,opencv_ui,unknown,opencv_ui,CV_8U,1,continuous,720x1280,0.107479,0.248342,2.310605,OK,
cvh_auto,full,imgproc,SOBEL,dx1_ksize3_replicate,derivative_convolve,neon,neon,sobel3_u8:border=scalar;interior=neon;store=f32;tail=neon_overlap,CV_8U,1,continuous,720x1280,0.235879,0.307158,1.302185,OK,
cvh_auto,full,imgproc,CANNY,aperture3_l1,canny_fused_gradient_ring_nms,opencv_ui,unknown,opencv_ui,CV_8U,1,continuous,720x1280,11.808054,12.127871,1.027085,OK,
cvh_auto,full,imgproc,ERODE,3x3_replicate,morph_rect3x3,opencv_ui,unknown,opencv_ui,CV_8U,1,continuous,720x1280,0.088033,0.061496,0.698552,OK,
cvh_auto,full,imgproc,DILATE,3x3_replicate,morph_rect3x3,opencv_ui,unknown,opencv_ui,CV_8U,1,continuous,720x1280,0.089008,0.061342,0.689168,OK,
cvh_auto,full,imgproc,WARP_AFFINE,linear_inverse_replicate,affine_translation_u8_fixed_scanline,scalar,unknown,scalar,CV_8U,1,continuous,720x1280,0.200046,0.866675,4.332381,OK,U8 linear path uses fixed coordinate blocks and shared sampling
cvh_auto,full,imgproc,REMAP,float_linear_u8c3,remap_float_fixed_blocks,scalar,unknown,scalar,CV_8U,3,continuous,720x1280,1.925758,2.157983,1.120589,OK,Shared fixed coordinate block and U8 bilinear sampling path
cvh_auto,full,imgproc,REMAP,fixed_linear_u8c3,remap_fixed_contiguous_blocks,scalar,unknown,scalar,CV_8U,3,continuous,720x1280,1.111000,2.067337,1.860790,OK,Shared fixed coordinate block and U8 bilinear sampling path
cvh_auto,full,imgproc,WARP_PERSPECTIVE,projective_linear_u8c3,fixed_coordinate_block,scalar,unknown,scalar,CV_8U,3,continuous,720x1280,6.331750,2.865425,0.452549,OK,Shared fixed coordinate block and U8 bilinear sampling path
cvh_auto,full,imgproc,GET_RECT_SUB_PIX,full_frame_u8c3,public_header_scalar,public_header_scalar,unknown,public_header_scalar,CV_8U,3,continuous,720x1280,0.032733,0.431958,13.196299,OK,no qualified SIMD fast path
cvh_auto,full,imgproc,RESIZE,linear_half_u8c1,resize_linear,opencv_ui,unknown,opencv_ui,CV_8U,1,continuous,1080x1920,0.120850,0.079721,0.659667,OK,
cvh_auto,full,imgproc,CVTCOLOR,BGR2GRAY_u8,cvtcolor_bgr2gray,opencv_ui,unknown,opencv_ui,CV_8U,3,continuous,1080x1920,0.204017,0.203529,0.997610,OK,
cvh_auto,full,imgproc,THRESHOLD,binary_u8,headers_baseline,headers_baseline,unknown,headers_baseline,CV_8U,1,continuous,1080x1920,0.033317,0.033321,1.000126,OK,
cvh_auto,full,imgproc,GAUSSIAN,5x5_replicate,gauss5x5_fixedpoint,opencv_ui,unknown,opencv_ui,CV_8U,1,continuous,1080x1920,0.345337,0.194733,0.563893,OK,
cvh_auto,full,imgproc,BOX_FILTER,3x3_replicate,box3x3,opencv_ui,unknown,opencv_ui,CV_8U,1,continuous,1080x1920,0.259212,0.255900,0.987221,OK,
cvh_auto,full,imgproc,LUT,invert_u8,header_fastpath,header_fastpath,unknown,header_fastpath,CV_8U,1,continuous,1080x1920,0.222271,0.172858,0.777693,OK,
cvh_auto,full,imgproc,COPY_MAKE_BORDER,2px_replicate,header_fastpath,header_fastpath,unknown,header_fastpath,CV_8U,1,continuous,1080x1920,0.040787,0.040179,0.985084,OK,
cvh_auto,full,imgproc,FILTER2D,3x3_replicate,cross3_direct,opencv_ui,unknown,opencv_ui,CV_8U,1,continuous,1080x1920,0.176350,0.545217,3.091673,OK,
cvh_auto,full,imgproc,SEP_FILTER2D,3x3_replicate,binomial3_typed,opencv_ui,unknown,opencv_ui,CV_8U,1,continuous,1080x1920,0.237321,0.565438,2.382587,OK,
cvh_auto,full,imgproc,SOBEL,dx1_ksize3_replicate,derivative_convolve,neon,neon,sobel3_u8:border=scalar;interior=neon;store=f32;tail=neon_overlap,CV_8U,1,continuous,1080x1920,0.528338,0.781308,1.478805,OK,
cvh_auto,full,imgproc,CANNY,aperture3_l1,canny_fused_gradient_ring_nms,opencv_ui,unknown,opencv_ui,CV_8U,1,continuous,1080x1920,26.815238,28.029171,1.045270,OK,
cvh_auto,full,imgproc,ERODE,3x3_replicate,morph_rect3x3,opencv_ui,unknown,opencv_ui,CV_8U,1,continuous,1080x1920,0.184342,0.131612,0.713960,OK,
cvh_auto,full,imgproc,DILATE,3x3_replicate,morph_rect3x3,opencv_ui,unknown,opencv_ui,CV_8U,1,continuous,1080x1920,0.182692,0.131350,0.718971,OK,
cvh_auto,full,imgproc,WARP_AFFINE,linear_inverse_replicate,affine_translation_u8_fixed_scanline,scalar,unknown,scalar,CV_8U,1,continuous,1080x1920,0.440163,1.952925,4.436827,OK,U8 linear path uses fixed coordinate blocks and shared sampling
cvh_auto,full,imgproc,REMAP,float_linear_u8c3,remap_float_fixed_blocks,scalar,unknown,scalar,CV_8U,3,continuous,1080x1920,4.050300,5.058400,1.248895,OK,Shared fixed coordinate block and U8 bilinear sampling path
cvh_auto,full,imgproc,REMAP,fixed_linear_u8c3,remap_fixed_contiguous_blocks,scalar,unknown,scalar,CV_8U,3,continuous,1080x1920,2.316733,4.698783,2.028193,OK,Shared fixed coordinate block and U8 bilinear sampling path
cvh_auto,full,imgproc,WARP_PERSPECTIVE,projective_linear_u8c3,fixed_coordinate_block,scalar,unknown,scalar,CV_8U,3,continuous,1080x1920,14.339571,6.436137,0.448838,OK,Shared fixed coordinate block and U8 bilinear sampling path
cvh_auto,full,imgproc,GET_RECT_SUB_PIX,full_frame_u8c3,public_header_scalar,public_header_scalar,unknown,public_header_scalar,CV_8U,3,continuous,1080x1920,0.076083,0.975688,12.823938,OK,no qualified SIMD fast path
cvh_auto,full,imgproc,RESIZE,linear_half_u8c1,resize_linear,opencv_ui,unknown,opencv_ui,CV_8U,1,continuous,479x641,0.018483,0.012092,0.654192,OK,
cvh_auto,full,imgproc,CVTCOLOR,BGR2GRAY_u8,cvtcolor_bgr2gray,opencv_ui,unknown,opencv_ui,CV_8U,3,continuous,479x641,0.030225,0.030183,0.998624,OK,
cvh_auto,full,imgproc,THRESHOLD,binary_u8,headers_baseline,headers_baseline,unknown,headers_baseline,CV_8U,1,continuous,479x641,0.004858,0.004883,1.005125,OK,
cvh_auto,full,imgproc,GAUSSIAN,5x5_replicate,gauss5x5_fixedpoint,opencv_ui,unknown,opencv_ui,CV_8U,1,continuous,479x641,0.069492,0.028567,0.411079,OK,
cvh_auto,full,imgproc,BOX_FILTER,3x3_replicate,box3x3,opencv_ui,unknown,opencv_ui,CV_8U,1,continuous,479x641,0.040900,0.041446,1.013345,OK,
cvh_auto,full,imgproc,LUT,invert_u8,header_fastpath,header_fastpath,unknown,header_fastpath,CV_8U,1,continuous,479x641,0.033517,0.025600,0.763798,OK,
cvh_auto,full,imgproc,COPY_MAKE_BORDER,2px_replicate,header_fastpath,header_fastpath,unknown,header_fastpath,CV_8U,1,continuous,479x641,0.006833,0.006154,0.900606,OK,
cvh_auto,full,imgproc,FILTER2D,3x3_replicate,cross3_direct,opencv_ui,unknown,opencv_ui,CV_8U,1,continuous,479x641,0.030879,0.084796,2.746049,OK,
cvh_auto,full,imgproc,SEP_FILTER2D,3x3_replicate,binomial3_typed,opencv_ui,unknown,opencv_ui,CV_8U,1,continuous,479x641,0.040458,0.084650,2.092278,OK,
cvh_auto,full,imgproc,SOBEL,dx1_ksize3_replicate,derivative_convolve,neon,neon,sobel3_u8:border=scalar;interior=neon;store=f32;tail=neon_overlap,CV_8U,1,continuous,479x641,0.084825,0.105154,1.239660,OK,
cvh_auto,full,imgproc,CANNY,aperture3_l1,canny_fused_gradient_ring_nms,opencv_ui,unknown,opencv_ui,CV_8U,1,continuous,479x641,3.793733,3.938538,1.038169,OK,
cvh_auto,full,imgproc,ERODE,3x3_replicate,morph_rect3x3,opencv_ui,unknown,opencv_ui,CV_8U,1,continuous,479x641,0.036862,0.021371,0.579746,OK,
cvh_auto,full,imgproc,DILATE,3x3_replicate,morph_rect3x3,opencv_ui,unknown,opencv_ui,CV_8U,1,continuous,479x641,0.036271,0.021050,0.580357,OK,
cvh_auto,full,imgproc,WARP_AFFINE,linear_inverse_replicate,affine_translation_u8_fixed_scanline,scalar,unknown,scalar,CV_8U,1,continuous,479x641,0.071746,0.299162,4.169756,OK,U8 linear path uses fixed coordinate blocks and shared sampling
cvh_auto,full,imgproc,REMAP,float_linear_u8c3,remap_float_fixed_blocks,scalar,unknown,scalar,CV_8U,3,continuous,479x641,0.548542,0.705600,1.286320,OK,Shared fixed coordinate block and U8 bilinear sampling path
cvh_auto,full,imgproc,REMAP,fixed_linear_u8c3,remap_fixed_contiguous_blocks,scalar,unknown,scalar,CV_8U,3,continuous,479x641,0.299567,0.687275,2.294231,OK,Shared fixed coordinate block and U8 bilinear sampling path
cvh_auto,full,imgproc,WARP_PERSPECTIVE,projective_linear_u8c3,fixed_coordinate_block,scalar,unknown,scalar,CV_8U,3,continuous,479x641,2.160358,0.971800,0.449833,OK,Shared fixed coordinate block and U8 bilinear sampling path
cvh_auto,full,imgproc,GET_RECT_SUB_PIX,full_frame_u8c3,public_header_scalar,public_header_scalar,unknown,public_header_scalar,CV_8U,3,continuous,479x641,0.016954,0.145621,8.589075,OK,no qualified SIMD fast path
cvh_auto,full,imgproc,GAUSSIAN,5x5_replicate_u8c3,gauss5x5_fixedpoint,opencv_ui,unknown,opencv_ui,CV_8U,3,continuous,480x640,0.173421,0.088496,0.510295,OK,
cvh_auto,full,imgproc,BOX_FILTER,3x3_replicate_u8c3,box3x3,opencv_ui,unknown,opencv_ui,CV_8U,3,continuous,480x640,0.118621,0.114150,0.962310,OK,
cvh_auto,full,imgproc,COPY_MAKE_BORDER,2px_replicate_u8c3,header_fastpath,header_fastpath,unknown,header_fastpath,CV_8U,3,continuous,480x640,0.019204,0.018229,0.949235,OK,
cvh_auto,full,imgproc,FILTER2D,3x3_replicate_u8c3,cross3_direct,opencv_ui,unknown,opencv_ui,CV_8U,3,continuous,480x640,0.082217,0.246604,2.999442,OK,
cvh_auto,full,imgproc,SEP_FILTER2D,3x3_replicate_u8c3,binomial3_typed,opencv_ui,unknown,opencv_ui,CV_8U,3,continuous,480x640,0.109262,0.244621,2.238837,OK,
cvh_auto,full,imgproc,WARP_AFFINE,linear_inverse_replicate_u8c3,affine_translation_u8_fixed_scanline,scalar,unknown,scalar,CV_8U,3,continuous,480x640,0.213167,0.728679,3.418353,OK,Translation scanline separates border and contiguous interior sampling
cvh_auto,full,imgproc,GAUSSIAN,5x5_replicate_u8c4,gauss5x5_fixedpoint,opencv_ui,unknown,opencv_ui,CV_8U,4,continuous,480x640,0.224971,0.119596,0.531606,OK,
cvh_auto,full,imgproc,BOX_FILTER,3x3_replicate_u8c4,box3x3,opencv_ui,unknown,opencv_ui,CV_8U,4,continuous,480x640,0.155612,0.151325,0.972448,OK,
cvh_auto,full,imgproc,COPY_MAKE_BORDER,2px_replicate_u8c4,header_fastpath,header_fastpath,unknown,header_fastpath,CV_8U,4,continuous,480x640,0.025579,0.023717,0.927187,OK,
cvh_auto,full,imgproc,FILTER2D,3x3_replicate_u8c4,cross3_direct,opencv_ui,unknown,opencv_ui,CV_8U,4,continuous,480x640,0.108088,0.328254,3.036930,OK,
cvh_auto,full,imgproc,SEP_FILTER2D,3x3_replicate_u8c4,binomial3_typed,opencv_ui,unknown,opencv_ui,CV_8U,4,continuous,480x640,0.148525,0.328179,2.209589,OK,
cvh_auto,full,imgproc,WARP_AFFINE,linear_inverse_replicate_u8c4,affine_translation_u8_fixed_scanline,scalar,unknown,scalar,CV_8U,4,continuous,480x640,0.317950,0.482975,1.519028,OK,Translation scanline separates border and contiguous interior sampling
cvh_auto,full,imgproc,GAUSSIAN,5x5_replicate_f32c1,gauss5x5_ring_f32,opencv_ui,unknown,opencv_ui,CV_32F,1,continuous,480x640,0.105146,0.100837,0.959025,OK,
cvh_auto,full,imgproc,BOX_FILTER,3x3_replicate_f32c1,box3x3,opencv_ui,unknown,opencv_ui,CV_32F,1,continuous,480x640,0.066037,0.097325,1.473784,OK,
cvh_auto,full,imgproc,COPY_MAKE_BORDER,2px_replicate_f32c1,header_fastpath,header_fastpath,unknown,header_fastpath,CV_32F,1,continuous,480x640,0.025383,0.023596,0.929580,OK,
cvh_auto,full,imgproc,FILTER2D,3x3_replicate_f32c1,cross3_direct,opencv_ui,unknown,opencv_ui,CV_32F,1,continuous,480x640,0.053804,0.064196,1.193141,OK,
cvh_auto,full,imgproc,SEP_FILTER2D,3x3_replicate_f32c1,binomial3_typed,opencv_ui,unknown,opencv_ui,CV_32F,1,continuous,480x640,0.073871,0.073350,0.992950,OK,
cvh_auto,full,imgproc,WARP_AFFINE,linear_inverse_replicate_f32c1,affine_translation_f32_scanline,scalar,unknown,scalar,CV_32F,1,continuous,480x640,0.902600,0.459158,0.508706,OK,Translation scanline separates border and contiguous interior sampling
cvh_auto,full,imgproc,GAUSSIAN,5x5_replicate_f32c3,gauss5x5_ring_f32,opencv_ui,unknown,opencv_ui,CV_32F,3,continuous,480x640,0.277846,0.290383,1.045124,OK,
cvh_auto,full,imgproc,BOX_FILTER,3x3_replicate_f32c3,box3x3,opencv_ui,unknown,opencv_ui,CV_32F,3,continuous,480x640,0.185312,0.269325,1.453356,OK,
cvh_auto,full,imgproc,COPY_MAKE_BORDER,2px_replicate_f32c3,header_fastpath,header_fastpath,unknown,header_fastpath,CV_32F,3,continuous,480x640,0.067596,0.074950,1.108795,OK,
cvh_auto,full,imgproc,FILTER2D,3x3_replicate_f32c3,cross3_direct,opencv_ui,unknown,opencv_ui,CV_32F,3,continuous,480x640,0.150100,0.172938,1.152149,OK,
cvh_auto,full,imgproc,SEP_FILTER2D,3x3_replicate_f32c3,binomial3_typed,opencv_ui,unknown,opencv_ui,CV_32F,3,continuous,480x640,0.214446,0.193054,0.900247,OK,
cvh_auto,full,imgproc,WARP_AFFINE,linear_inverse_replicate_f32c3,affine_translation_f32_scanline,scalar,unknown,scalar,CV_32F,3,continuous,480x640,1.216154,0.701367,0.576709,OK,Translation scanline separates border and contiguous interior sampling
cvh_auto,full,imgproc,GAUSSIAN,5x5_replicate_f32c4,gauss5x5_ring_f32,opencv_ui,unknown,opencv_ui,CV_32F,4,continuous,480x640,0.380567,0.412913,1.084994,OK,
cvh_auto,full,imgproc,BOX_FILTER,3x3_replicate_f32c4,box3x3,opencv_ui,unknown,opencv_ui,CV_32F,4,continuous,480x640,0.260754,0.370363,1.420351,OK,
cvh_auto,full,imgproc,COPY_MAKE_BORDER,2px_replicate_f32c4,header_fastpath,header_fastpath,unknown,header_fastpath,CV_32F,4,continuous,480x640,0.095417,0.096925,1.015809,OK,
cvh_auto,full,imgproc,FILTER2D,3x3_replicate_f32c4,cross3_direct,opencv_ui,unknown,opencv_ui,CV_32F,4,continuous,480x640,0.197325,0.224525,1.137844,OK,
cvh_auto,full,imgproc,SEP_FILTER2D,3x3_replicate_f32c4,binomial3_typed,opencv_ui,unknown,opencv_ui,CV_32F,4,continuous,480x640,0.286200,0.245521,0.857864,OK,
cvh_auto,full,imgproc,WARP_AFFINE,linear_inverse_replicate_f32c4,affine_translation_f32_scanline,scalar,unknown,scalar,CV_32F,4,continuous,480x640,1.318833,0.765621,0.580529,OK,Translation scanline separates border and contiguous interior sampling
cvh_auto,full,imgproc,LUT,invert_u8c3,header_fastpath,header_fastpath,unknown,header_fastpath,CV_8U,3,continuous,480x640,0.105642,0.082525,0.781179,OK,
cvh_auto,full,imgproc,SOBEL,dx1_ksize3_replicate_u8c3,derivative_convolve,neon,neon,sobel3_u8:border=scalar;interior=neon;store=f32;tail=neon_overlap,CV_8U,3,continuous,480x640,0.279196,0.321600,1.151879,OK,
cvh_auto,full,imgproc,ERODE,3x3_replicate_u8c3,morph_rect3x3,opencv_ui,unknown,opencv_ui,CV_8U,3,continuous,480x640,0.096713,0.065592,0.678213,OK,
cvh_auto,full,imgproc,DILATE,3x3_replicate_u8c3,morph_rect3x3,opencv_ui,unknown,opencv_ui,CV_8U,3,continuous,480x640,0.097196,0.065925,0.678269,OK,
cvh_auto,full,imgproc,LUT,invert_u8c4,header_fastpath,header_fastpath,unknown,header_fastpath,CV_8U,4,continuous,480x640,0.142492,0.109963,0.771712,OK,
cvh_auto,full,imgproc,SOBEL,dx1_ksize3_replicate_u8c4,derivative_convolve,neon,neon,sobel3_u8:border=scalar;interior=neon;store=f32;tail=neon_overlap,CV_8U,4,continuous,480x640,0.367088,0.426738,1.162495,OK,
cvh_auto,full,imgproc,ERODE,3x3_replicate_u8c4,morph_rect3x3,opencv_ui,unknown,opencv_ui,CV_8U,4,continuous,480x640,0.126063,0.085875,0.681210,OK,
cvh_auto,full,imgproc,DILATE,3x3_replicate_u8c4,morph_rect3x3,opencv_ui,unknown,opencv_ui,CV_8U,4,continuous,480x640,0.126275,0.084842,0.671880,OK,
cvh_auto,full,imgproc,RESIZE,nearest_0.75_u8c3,header_fastpath,scalar,unknown,scalar,CV_8U,3,continuous,480x640,0.126654,0.095146,0.751226,OK,
cvh_auto,full,imgproc,RESIZE,nearest_exact_0.75_u8c3,header_fastpath,scalar,unknown,scalar,CV_8U,3,continuous,480x640,0.125442,0.098846,0.787982,OK,
cvh_auto,full,imgproc,RESIZE,linear_0.75_u8c3,header_fastpath,neon,neon,resize_linear_u8c3:map=scalar;gather=neon_table;interpolate=neon;store=neon;tail=scalar,CV_8U,3,continuous,480x640,0.169096,0.060208,0.356060,OK,
cvh_auto,full,imgproc,RESIZE,linear_0.75_f32c1,headers_baseline,scalar,unknown,scalar,CV_32F,1,continuous,480x640,0.178733,0.086158,0.482050,OK,
cvh_auto,full,imgproc,RESIZE,linear_0.75_f32c3,headers_baseline,scalar,unknown,scalar,CV_32F,3,continuous,480x640,0.395950,0.251508,0.635202,OK,
cvh_auto,full,imgproc,CVTCOLOR,BGR2RGB_u8,header_fastpath,neon,neon,cvtcolor_packed:load=neon;shuffle=neon;store=neon;tail=scalar,CV_8U,3,continuous,480x640,0.015200,0.015104,0.993697,OK,
cvh_auto,full,imgproc,CVTCOLOR,BGR2BGRA_u8,header_fastpath,neon,neon,cvtcolor_packed:load=neon;alpha=neon;store=neon;tail=scalar,CV_8U,3,continuous,480x640,0.024467,0.018254,0.746083,OK,
cvh_auto,full,imgproc,CVTCOLOR,BGRA2GRAY_u8,header_fastpath,neon,neon,cvtcolor_packed:load=neon;gray=neon;store=neon;tail=scalar,CV_8U,4,continuous,480x640,0.037900,0.036354,0.959214,OK,
cvh_auto,full,imgproc,CVTCOLOR,BGR2GRAY_f32,header_fastpath,scalar,unknown,scalar,CV_32F,3,continuous,480x640,0.081021,0.039671,0.489637,OK,
cvh_auto,full,imgproc,CVTCOLOR,BGR2RGB_f32,header_fastpath,scalar,unknown,scalar,CV_32F,3,continuous,480x640,0.138250,0.059496,0.430349,OK,
cvh_auto,full,imgproc,CVTCOLOR,BGR2YUV_u8,header_fastpath,neon,neon,cvtcolor_yuv444_encode:load=neon;convert=neon;store=neon;tail=scalar,CV_8U,3,yuv444_interleaved,480x640,0.119388,0.070525,0.590723,OK,
cvh_auto,full,imgproc,CVTCOLOR,YUV2BGR_u8,header_fastpath,neon,neon,cvtcolor_yuv444_decode:load=neon;convert=neon;store=neon;tail=scalar,CV_8U,3,yuv444_interleaved,480x640,0.109546,0.053871,0.491765,OK,
cvh_auto,full,imgproc,CVTCOLOR,BGR2I420_u8,header_fastpath,neon,neon,cvtcolor_yuv420p_encode:load=neon;luma=neon;chroma=neon;store=neon;tail=scalar,CV_8U,3,yuv420_i420,480x640,0.071362,0.052533,0.736147,OK,
cvh_auto,full,imgproc,CVTCOLOR,I420_TO_BGR_u8,header_fastpath,neon,neon,cvtcolor_yuv420p_decode:load=neon;chroma=neon;convert=neon;store=neon;tail=scalar,CV_8U,1,yuv420_i420,480x640,0.107621,0.065671,0.610206,OK,
cvh_auto,full,imgproc,CVTCOLOR,BGR2YUY2_u8,header_fastpath,neon,neon,cvtcolor_yuv422packed_encode:load=neon;luma=neon;chroma=neon;store=neon;tail=scalar,CV_8U,3,yuv422_yuy2,480x640,0.076833,0.056650,0.737311,OK,
cvh_auto,full,imgproc,CVTCOLOR,YUY2_TO_BGR_u8,header_fastpath,neon,neon,cvtcolor_yuv422packed_decode:load=neon;chroma=neon;convert=neon;store=neon;tail=scalar,CV_8U,2,yuv422_yuy2,480x640,0.075375,0.064363,0.853897,OK,
cvh_auto,full,imgproc,CVTCOLOR,NV12_TO_BGR_u8,header_fastpath,neon,neon,cvtcolor_yuv420sp_decode:load=neon;chroma=neon;convert=neon;store=neon;tail=scalar,CV_8U,1,yuv420_nv12,480x640,0.072279,0.065654,0.908342,OK,
cvh_auto,full,imgproc,CVTCOLOR,BGR2NV12_u8,unsupported,unsupported,unknown,unsupported,CV_8U,3,yuv420_nv12,480x640,-1.000000,-1.000000,0.000000,UNSUPPORTED,upstream OpenCV has NV12 decode but no single-call BGR-to-NV12 encoder
cvh_auto,full,imgproc,RESIZE,linear_0.75_u8c3_roi,header_fastpath,neon,neon,resize_linear_u8c3:map=scalar;gather=neon_table;interpolate=neon;store=neon;tail=scalar,CV_8U,3,roi,479x641,0.156067,0.055342,0.354603,OK,
cvh_auto,full,imgproc,CVTCOLOR,BGR2GRAY_u8_roi,cvtcolor_bgr2gray,opencv_ui,unknown,opencv_ui,CV_8U,3,roi,479x641,0.030575,0.030179,0.987055,OK,
cvh_auto,full,imgproc,THRESHOLD,binary_f32c3_roi,header_fastpath,header_fastpath,unknown,header_fastpath,CV_32F,3,roi,479x641,0.066217,0.059288,0.895357,OK,
cvh_auto,full,imgproc,BOX_FILTER,3x3_replicate_u8c3_roi,box3x3,opencv_ui,unknown,opencv_ui,CV_8U,3,roi,479x641,0.119350,0.114767,0.961598,OK,
cvh_auto,full,imgproc,GAUSSIAN,5x5_replicate_u8c3_roi,gauss5x5_fixedpoint,opencv_ui,unknown,opencv_ui,CV_8U,3,roi,479x641,0.179546,0.294767,1.641734,OK,
cvh_auto,full,imgproc,FILTER2D,3x3_replicate_u8c3_roi,cross3_direct,opencv_ui,unknown,opencv_ui,CV_8U,3,roi,479x641,0.084346,0.245392,2.909353,OK,
cvh_auto,full,imgproc,SEP_FILTER2D,3x3_replicate_u8c3_roi,binomial3_typed,opencv_ui,unknown,opencv_ui,CV_8U,3,roi,479x641,0.111587,0.247087,2.214294,OK,
cvh_auto,full,core_mat,ABSDIFF,mat_mat_u8c3,phase1_public_header,opencv_ui,unknown,opencv_ui,CV_8U,3,continuous,480x640,0.028542,0.022004,0.770952,OK,phase1_representative_case
cvh_auto,full,core_mat,BITWISE_AND,mat_mat_u8c3,phase1_public_header,opencv_ui,unknown,opencv_ui,CV_8U,3,continuous,480x640,0.031183,0.021958,0.704169,OK,phase1_representative_case
cvh_auto,full,core_mat,BITWISE_NOT,u8c3,phase1_public_header,opencv_ui,unknown,opencv_ui,CV_8U,3,continuous,480x640,0.029708,0.014404,0.484851,OK,phase1_representative_case
cvh_auto,full,core_mat,BITWISE_OR,mat_mat_u8c3,phase1_public_header,opencv_ui,unknown,opencv_ui,CV_8U,3,continuous,480x640,0.031254,0.022204,0.710441,OK,phase1_representative_case
cvh_auto,full,core_mat,BITWISE_XOR,mat_mat_u8c3,phase1_public_header,opencv_ui,unknown,opencv_ui,CV_8U,3,continuous,480x640,0.031250,0.022308,0.713869,OK,phase1_representative_case
cvh_auto,full,core_mat,IN_RANGE,scalar_bounds_u8c3,phase1_public_header,opencv_ui,unknown,opencv_ui,CV_8U,3,continuous,480x640,0.175629,0.108658,0.618680,OK,phase1_representative_case
cvh_auto,full,core_mat,MIN,mat_mat_u8c3,phase1_public_header,opencv_ui,unknown,opencv_ui,CV_8U,3,continuous,480x640,0.034508,0.022396,0.648999,OK,phase1_representative_case
cvh_auto,full,core_mat,MAX,mat_mat_u8c3,phase1_public_header,opencv_ui,unknown,opencv_ui,CV_8U,3,continuous,480x640,0.034521,0.022192,0.642850,OK,phase1_representative_case
cvh_auto,full,core_mat,SCALE_ADD,f32c3,phase1_public_header,scalar,unknown,scalar,CV_32F,3,continuous,480x640,0.110167,0.088650,0.804690,OK,phase1_representative_case
cvh_auto,full,core_mat,CONVERT_SCALE_ABS,f32c3_to_u8c3,phase1_public_header,opencv_ui,unknown,opencv_ui,CV_32F,3,continuous,480x640,0.100104,0.060171,0.601082,OK,phase1_representative_case
cvh_auto,full,core_mat,CONVERT_FP16,f32c1_to_fp16,phase1_public_header,opencv_ui,unknown,opencv_ui,CV_32F,1,continuous,480x640,0.014708,0.017833,1.212465,OK,phase1_representative_case
cvh_auto,full,core_mat,SQRT,positive_f32c1,phase1_public_header,scalar,unknown,scalar,CV_32F,1,continuous,480x640,0.037325,0.036362,0.974213,OK,phase1_representative_case
cvh_auto,full,core_mat,POW,power_1_75_f32c1,phase1_public_header,opencv_ui,unknown,opencv_ui,CV_32F,1,continuous,480x640,0.479104,0.274192,0.572301,OK,phase1_representative_case
cvh_auto,full,core_mat,EXP,bounded_f32c1,phase1_public_header,opencv_ui,unknown,opencv_ui,CV_32F,1,continuous,480x640,0.153521,0.072700,0.473551,OK,phase1_representative_case
cvh_auto,full,core_mat,LOG,positive_f32c1,phase1_public_header,opencv_ui,unknown,opencv_ui,CV_32F,1,continuous,480x640,0.209108,0.121479,0.580939,OK,phase1_representative_case
cvh_auto,full,core_mat,CHECK_RANGE,quiet_f32c1,phase1_public_header,public_header_baseline,unknown,public_header_baseline,CV_32F,1,continuous,480x640,0.148154,0.078717,0.531316,OK,phase1_representative_case
cvh_auto,full,core_mat,PATCH_NANS,one_nan_f32c1,phase1_public_header,opencv_ui,unknown,opencv_ui,CV_32F,1,continuous,480x640,0.018642,0.015088,0.809346,OK,phase1_representative_case
cvh_auto,full,core_mat,NORM,inf_single_f32c1,phase1_public_header,opencv_ui,unknown,opencv_ui,CV_32F,1,continuous,480x640,0.035463,0.010300,0.290448,OK,phase1_representative_case
cvh_auto,full,core_mat,NORM,l1_single_f32c1,phase1_public_header,opencv_ui,unknown,opencv_ui,CV_32F,1,continuous,480x640,0.088654,0.022175,0.250129,OK,phase1_representative_case
cvh_auto,full,core_mat,NORM,l2_single_f32c1,phase1_public_header,opencv_ui,unknown,opencv_ui,CV_32F,1,continuous,480x640,0.088663,0.033571,0.378636,OK,phase1_representative_case
cvh_auto,full,core_mat,NORM,inf_diff_zero_f32c1,phase1_public_header,opencv_ui,unknown,opencv_ui,CV_32F,1,continuous,480x640,0.088862,0.019237,0.216486,OK,phase1_representative_case
cvh_auto,full,core_mat,NORM,l1_diff_zero_f32c1,phase1_public_header,opencv_ui,unknown,opencv_ui,CV_32F,1,continuous,480x640,0.088983,0.026288,0.295420,OK,phase1_representative_case
cvh_auto,full,core_mat,NORM,l2_diff_zero_f32c1,phase1_public_header,opencv_ui,unknown,opencv_ui,CV_32F,1,continuous,480x640,0.089125,0.033737,0.378541,OK,phase1_representative_case
cvh_auto,full,core_mat,SUM,f32c3,phase1_public_header,opencv_ui,unknown,opencv_ui,CV_32F,3,continuous,480x640,0.093617,0.186858,1.995993,OK,phase1_representative_case
cvh_auto,full,core_mat,MEAN,f32c3,phase1_public_header,opencv_ui,unknown,opencv_ui,CV_32F,3,continuous,480x640,0.093596,0.187467,2.002939,OK,phase1_representative_case
cvh_auto,full,core_mat,MEAN_STD_DEV,f32c3,phase1_public_header,opencv_ui,unknown,opencv_ui,CV_32F,3,continuous,480x640,0.402463,0.127525,0.316862,OK,phase1_representative_case
cvh_auto,full,core_mat,COUNT_NON_ZERO,u8c1,phase1_public_header,opencv_ui,unknown,opencv_ui,CV_8U,1,continuous,480x640,0.008558,0.008558,0.999988,OK,phase1_representative_case
cvh_auto,full,core_mat,HAS_NON_ZERO,u8c1,phase1_public_header,opencv_ui,unknown,opencv_ui,CV_8U,1,continuous,480x640,0.000008,0.000008,1.012048,OK,phase1_representative_case
cvh_auto,full,core_mat,FIND_NON_ZERO,random_dense_u8c1,phase1_public_header,opencv_ui,unknown,opencv_ui,CV_8U,1,continuous,480x640,0.500737,0.189304,0.378051,OK,phase1_representative_case
cvh_auto,full,core_mat,FIND_NON_ZERO,all_zero_u8c1,phase1_public_header,opencv_ui,unknown,opencv_ui,CV_8U,1,continuous,480x640,0.010417,0.073058,7.013584,OK,phase1_representative_case
cvh_auto,full,core_mat,FIND_NON_ZERO,sparse_tail_u8c1,phase1_public_header,opencv_ui,unknown,opencv_ui,CV_8U,1,continuous,480x640,0.010429,0.073087,7.007968,OK,phase1_representative_case
cvh_auto,full,core_mat,MIN_MAX_IDX,f32c1,phase1_public_header,opencv_ui,unknown,opencv_ui,CV_32F,1,continuous,480x640,0.044742,0.031792,0.710560,OK,phase1_representative_case
cvh_auto,full,core_mat,MIN_MAX_LOC,f32c1,phase1_public_header,opencv_ui,unknown,opencv_ui,CV_32F,1,continuous,480x640,0.044737,0.031875,0.712490,OK,phase1_representative_case
cvh_auto,full,core_mat,REDUCE,axis0_sum_f32c1,phase1_public_header,opencv_ui,unknown,opencv_ui,CV_32F,1,continuous,480x640,0.064529,0.014087,0.218312,OK,phase1_representative_case
cvh_auto,full,core_mat,REDUCE,axis0_avg_f32c1,phase1_public_header,opencv_ui,unknown,opencv_ui,CV_32F,1,continuous,480x640,0.065062,0.014683,0.225680,OK,phase1_representative_case
cvh_auto,full,core_mat,REDUCE,axis0_max_f32c1,phase1_public_header,opencv_ui,unknown,opencv_ui,CV_32F,1,continuous,480x640,0.037371,0.017067,0.456682,OK,phase1_representative_case
cvh_auto,full,core_mat,REDUCE,axis0_min_f32c1,phase1_public_header,opencv_ui,unknown,opencv_ui,CV_32F,1,continuous,480x640,0.037529,0.017125,0.456313,OK,phase1_representative_case
cvh_auto,full,core_mat,REDUCE,axis0_sum2_f32c1,phase1_public_header,opencv_ui,unknown,opencv_ui,CV_32F,1,continuous,480x640,0.064404,0.017117,0.265770,OK,phase1_representative_case
cvh_auto,full,core_mat,REDUCE,axis1_sum_f32c1,phase1_public_header,opencv_ui,unknown,opencv_ui,CV_32F,1,continuous,480x640,0.049929,0.009737,0.195026,OK,phase1_representative_case
cvh_auto,full,core_mat,REDUCE,axis1_avg_f32c1,phase1_public_header,opencv_ui,unknown,opencv_ui,CV_32F,1,continuous,480x640,0.049938,0.009725,0.194743,OK,phase1_representative_case
cvh_auto,full,core_mat,REDUCE,axis1_max_f32c1,phase1_public_header,opencv_ui,unknown,opencv_ui,CV_32F,1,continuous,480x640,0.054442,0.143575,2.637225,OK,phase1_representative_case
cvh_auto,full,core_mat,REDUCE,axis1_min_f32c1,phase1_public_header,opencv_ui,unknown,opencv_ui,CV_32F,1,continuous,480x640,0.052963,0.151829,2.866728,OK,phase1_representative_case
cvh_auto,full,core_mat,REDUCE,axis1_sum2_f32c1,phase1_public_header,opencv_ui,unknown,opencv_ui,CV_32F,1,continuous,480x640,0.066967,0.241267,3.602792,OK,phase1_representative_case
cvh_auto,full,core_mat,REDUCE_ARG_MAX,axis0_f32c1,phase1_public_header,opencv_ui,unknown,opencv_ui,CV_32F,1,continuous,480x640,0.140425,0.142738,1.016468,OK,phase1_representative_case
cvh_auto,full,core_mat,REDUCE_ARG_MIN,axis0_f32c1,phase1_public_header,opencv_ui,unknown,opencv_ui,CV_32F,1,continuous,480x640,0.141950,0.133087,0.937566,OK,phase1_representative_case
cvh_auto,full,core_mat,NORMALIZE,inf_f32c1,phase1_public_header,opencv_ui,unknown,opencv_ui,CV_32F,1,continuous,480x640,0.071038,0.029700,0.418089,OK,phase1_representative_case
cvh_auto,full,core_mat,NORMALIZE,l1_f32c1,phase1_public_header,opencv_ui,unknown,opencv_ui,CV_32F,1,continuous,480x640,0.106587,0.042204,0.395958,OK,phase1_representative_case
cvh_auto,full,core_mat,NORMALIZE,l2_f32c1,phase1_public_header,opencv_ui,unknown,opencv_ui,CV_32F,1,continuous,480x640,0.124217,0.053133,0.427747,OK,phase1_representative_case
cvh_auto,full,core_mat,NORMALIZE,minmax_f32c1,phase1_public_header,opencv_ui,unknown,opencv_ui,CV_32F,1,continuous,480x640,0.080846,0.055046,0.680873,OK,phase1_representative_case
cvh_auto,full,core_mat,BORDER_INTERPOLATE,reflect101_batch4096,phase1_public_header,public_header_baseline,unknown,public_header_baseline,S32,1,continuous,micro_batch,0.005391,0.005275,0.978591,OK,phase1_representative_case;micro_warmup=2;micro_iterations=100;micro_repeats=3
cvh_auto,full,core_mat,COPY_TO,masked_u8c3,phase1_public_header,opencv_ui,unknown,opencv_ui,CV_8U,3,continuous,480x640,0.022425,0.022221,0.990894,OK,phase1_representative_case
cvh_auto,full,core_mat,EXTRACT_CHANNEL,channel1_u8c3,phase1_public_header,opencv_ui,unknown,opencv_ui,CV_8U,3,continuous,480x640,0.015217,0.042346,2.782850,OK,phase1_representative_case
cvh_auto,full,core_mat,INSERT_CHANNEL,channel1_u8c3,phase1_public_header,opencv_ui,unknown,opencv_ui,CV_8U,3,continuous,480x640,0.024663,0.042963,1.742017,OK,phase1_representative_case
cvh_auto,full,core_mat,MIX_CHANNELS,reverse_u8c3,phase1_public_header,opencv_ui,unknown,opencv_ui,CV_8U,3,continuous,480x640,0.035937,0.130304,3.625856,OK,phase1_representative_case
cvh_auto,full,core_mat,FLIP,horizontal_u8c3,phase1_public_header,opencv_ui,unknown,opencv_ui,CV_8U,3,continuous,480x640,0.016396,0.016358,0.997713,OK,phase1_representative_case
cvh_auto,full,core_mat,FLIP_ND,axis1_u8c3,phase1_public_header,opencv_ui,unknown,opencv_ui,CV_8U,3,continuous,480x640,0.016383,0.128650,7.852508,OK,phase1_representative_case
cvh_auto,full,core_mat,ROTATE,clockwise90_u8c3,phase1_public_header,opencv_ui,unknown,opencv_ui,CV_8U,3,continuous,480x640,0.232946,0.099383,0.426637,OK,phase1_representative_case
cvh_auto,full,core_mat,REPEAT,two_by_two_u8c1,phase1_public_header,scalar,unknown,scalar,CV_8U,1,continuous,480x640,0.004621,0.004517,0.977450,OK,phase1_representative_case
cvh_auto,full,core_mat,HCONCAT,two_halves_u8c1,phase1_public_header,scalar,unknown,scalar,CV_8U,1,continuous,480x640,0.004513,0.006275,1.390582,OK,phase1_representative_case
cvh_auto,full,core_mat,VCONCAT,two_halves_u8c1,phase1_public_header,scalar,unknown,scalar,CV_8U,1,continuous,480x640,0.003612,0.003742,1.035765,OK,phase1_representative_case
cvh_auto,full,core_mat,BROADCAST,row_to_image_u8c1,phase1_public_header,scalar,unknown,scalar,CV_8U,1,continuous,480x640,0.004554,0.003388,0.743819,OK,phase1_representative_case
cvh_auto,full,core_mat,SWAP,mat_headers,phase1_public_header,public_header_baseline,unknown,public_header_baseline,CV_8U,1,continuous,micro_batch,0.000005,0.000005,1.000000,OK,phase1_representative_case;micro_warmup=2;micro_iterations=100;micro_repeats=3
cvh_auto,full,imgproc,GET_STRUCTURING_ELEMENT,ellipse7x7,phase1_public_header,public_header_baseline,unknown,public_header_baseline,CV_8U,1,continuous,micro_batch,0.000099,0.000078,0.785621,OK,phase1_representative_case;micro_warmup=2;micro_iterations=100;micro_repeats=3
cvh_auto,full,imgproc,GET_GAUSSIAN_KERNEL,ksize15_f32,phase1_public_header,public_header_baseline,unknown,public_header_baseline,CV_32F,1,continuous,micro_batch,0.000235,0.000940,4.005371,OK,phase1_representative_case;micro_warmup=2;micro_iterations=100;micro_repeats=3
cvh_auto,full,imgproc,GET_DERIV_KERNELS,dx1_ksize5_f32,phase1_public_header,public_header_baseline,unknown,public_header_baseline,CV_32F,1,continuous,micro_batch,0.000132,0.000084,0.639298,OK,phase1_representative_case;micro_warmup=2;micro_iterations=100;micro_repeats=3
cvh_auto,full,imgproc,GET_GABOR_KERNEL,15x15_f32,phase1_public_header,public_header_baseline,unknown,public_header_baseline,CV_32F,1,continuous,micro_batch,0.000999,0.000983,0.984157,OK,phase1_representative_case;micro_warmup=2;micro_iterations=100;micro_repeats=3
cvh_auto,full,imgproc,CREATE_HANNING_WINDOW,64x64_f32,phase1_public_header,opencv_ui,unknown,opencv_ui,CV_32F,1,continuous,480x640,0.000596,0.001150,1.930178,OK,phase1_representative_case
cvh_auto,full,imgproc,INTEGRAL,u8c1_to_s32,phase1_public_header,opencv_ui,unknown,opencv_ui,CV_8U,1,continuous,480x640,0.072133,0.040900,0.567006,OK,phase1_representative_case
cvh_auto,full,imgproc,SCHARR,dx1_u8_to_f32,derivative3_direct,neon,neon,scharr3_u8:border=scalar;interior=neon;store=f32;tail=neon_overlap,CV_8U,1,continuous,480x640,0.087592,0.106362,1.214299,OK,phase1_representative_case
cvh_auto,full,imgproc,LAPLACIAN,ksize3_u8_to_f32,derivative3_direct,opencv_ui,unknown,opencv_ui,CV_8U,1,continuous,480x640,0.253704,0.110633,0.436072,OK,phase1_representative_case
cvh_auto,full,imgproc,SPATIAL_GRADIENT,ksize3_u8_to_s16,spatial_gradient3,neon,neon,spatial_gradient3_u8c1:border=scalar;interior=neon;store=dx_s16+dy_s16;tail=neon_overlap,CV_8U,1,continuous,480x640,0.047429,0.032438,0.683914,OK,phase1_representative_case
cvh_auto,full,imgproc,SQR_BOX_FILTER,3x3_u8_to_f32,phase1_public_header,opencv_ui,unknown,opencv_ui,CV_8U,1,continuous,480x640,0.116408,0.186608,1.603050,OK,phase1_representative_case
cvh_auto,full,imgproc,MEDIAN_BLUR,ksize5_u8c1,median5_ui_overlap_tail,opencv_ui,unknown,opencv_ui,CV_8U,1,continuous,480x640,0.427700,0.252829,0.591137,OK,phase1_representative_case
cvh_auto,full,imgproc,BILATERAL_FILTER,d5_u8c1,bilateral_u8_c1_padded,scalar,unknown,scalar,CV_8U,1,continuous,480x640,1.689637,0.863562,0.511093,OK,phase1_representative_case
cvh_auto,full,imgproc,STACK_BLUR,5x5_u8c1,stack_blur_u8_k5_typed,scalar,unknown,scalar,CV_8U,1,continuous,480x640,0.090408,0.119054,1.316850,OK,phase1_representative_case
cvh_auto,full,imgproc,ADAPTIVE_THRESHOLD,mean11_u8c1,phase1_public_header,opencv_ui,unknown,opencv_ui,CV_8U,1,continuous,480x640,0.320179,0.206154,0.643871,OK,phase1_representative_case
cvh_auto,full,imgproc,THRESHOLD_WITH_MASK,binary_masked_u8c1,phase1_public_header,public_header_baseline,unknown,public_header_baseline,CV_8U,1,continuous,480x640,0.162587,0.157350,0.967787,OK,phase1_representative_case
cvh_auto,full,imgproc,EQUALIZE_HIST,u8c1,phase1_public_header,opencv_ui,unknown,opencv_ui,CV_8U,1,continuous,480x640,0.081279,0.085733,1.054800,OK,phase1_representative_case
cvh_auto,full,imgproc,APPLY_COLOR_MAP,jet_u8c1,phase1_public_header,public_header_baseline,unknown,public_header_baseline,CV_8U,1,continuous,480x640,0.675346,0.214929,0.318250,OK,phase1_representative_case
cvh_auto,full,imgproc,ACCUMULATE,u8c1_to_f32,phase1_public_header,opencv_ui,unknown,opencv_ui,CV_8U,1,continuous,480x640,0.057871,0.018108,0.312909,OK,phase1_representative_case
cvh_auto,full,imgproc,ACCUMULATE_PRODUCT,u8c1_to_f32,phase1_public_header,opencv_ui,unknown,opencv_ui,CV_8U,1,continuous,480x640,0.075892,0.020146,0.265455,OK,phase1_representative_case
cvh_auto,full,imgproc,ACCUMULATE_SQUARE,u8c1_to_f32,phase1_public_header,opencv_ui,unknown,opencv_ui,CV_8U,1,continuous,480x640,0.057771,0.018258,0.316047,OK,phase1_representative_case
cvh_auto,full,imgproc,ACCUMULATE_WEIGHTED,alpha0_1_u8c1,phase1_public_header,opencv_ui,unknown,opencv_ui,CV_8U,1,continuous,480x640,0.049958,0.020204,0.404421,OK,phase1_representative_case
cvh_auto,full,imgproc,BLEND_LINEAR,u8c3_f32_weights,phase1_public_header,public_header_baseline,unknown,public_header_baseline,CV_8U,3,continuous,480x640,0.501996,0.204708,0.407789,OK,phase1_representative_case
cvh_auto,full,imgproc,PYR_DOWN,u8c3,phase1_public_header,opencv_ui,unknown,opencv_ui,CV_8U,3,continuous,480x640,0.306163,0.058496,0.191062,OK,phase1_representative_case
cvh_auto,full,imgproc,PYR_UP,u8c3,phase1_public_header,opencv_ui,unknown,opencv_ui,CV_8U,3,continuous,480x640,0.204779,0.144600,0.706126,OK,phase1_representative_case
cvh_auto,full,imgproc,BUILD_PYRAMID,levels3_u8c1,phase1_public_header,opencv_ui,unknown,opencv_ui,CV_8U,1,continuous,480x640,0.068983,0.018613,0.269811,OK,phase1_representative_case
cvh_auto,full,imgproc,CVT_COLOR_TWO_PLANE,nv12_to_bgr,phase1_public_header,public_header_baseline,unknown,public_header_baseline,CV_8U,1,continuous,480x640,0.317804,0.065638,0.206534,OK,phase1_representative_case
cvh_auto,full,imgproc,DEMOSAICING,bayer_bg_to_bgr,phase1_public_header,public_header_baseline,unknown,public_header_baseline,CV_8U,1,continuous,480x640,0.452700,0.038904,0.085938,OK,phase1_representative_case
cvh_auto,full,imgproc,CONVERT_MAPS,f32_pair_to_fixed,phase1_public_header,opencv_ui,unknown,opencv_ui,CV_32F,2,continuous,480x640,0.098700,0.058071,0.588357,OK,phase1_representative_case
cvh_auto,full,imgproc,GET_AFFINE_TRANSFORM,three_points,phase1_public_header,public_header_baseline,unknown,public_header_baseline,CV_32F,1,continuous,micro_batch,0.000127,0.000248,1.954202,OK,phase1_representative_case;micro_warmup=2;micro_iterations=100;micro_repeats=3
cvh_auto,full,imgproc,GET_PERSPECTIVE_TRANSFORM,four_points_lu,phase1_public_header,public_header_baseline,unknown,public_header_baseline,CV_32F,1,continuous,micro_batch,0.000265,0.000640,2.420424,OK,phase1_representative_case;micro_warmup=2;micro_iterations=100;micro_repeats=3
cvh_auto,full,imgproc,GET_ROTATION_MATRIX_2D,point_angle_scale,phase1_public_header,public_header_baseline,unknown,public_header_baseline,CV_32F,1,continuous,micro_batch,0.000072,0.000069,0.953669,OK,phase1_representative_case;micro_warmup=2;micro_iterations=100;micro_repeats=3
cvh_auto,full,imgproc,GET_ROTATION_MATRIX_2D_,matx23d,phase1_public_header,public_header_baseline,unknown,public_header_baseline,CV_64F,1,continuous,micro_batch,0.000004,0.000004,1.112000,OK,phase1_representative_case;micro_warmup=2;micro_iterations=100;micro_repeats=3
cvh_auto,full,imgproc,INVERT_AFFINE_TRANSFORM,f64_2x3,phase1_public_header,public_header_baseline,unknown,public_header_baseline,CV_64F,1,continuous,micro_batch,0.000042,0.000057,1.356464,OK,phase1_representative_case;micro_warmup=2;micro_iterations=100;micro_repeats=3
cvh_auto,full,core_mat,RANDU,C3,header_fastpath,header_fastpath,unknown,header_fastpath,CV_8U,3,continuous,320x240,0.331537,0.249017,0.751097,OK,phase2_p0_representative_case;correctness=upstream_pass;random_streams=independent;shape_and_range=aligned;engine=xorshift64star;distributions=hoisted;channels=unrolled;rows=typed
cvh_auto,full,core_mat,RANDN,C3,header_fastpath,header_fastpath,unknown,header_fastpath,CV_8U,3,continuous,320x240,1.102187,0.427892,0.388220,OK,phase2_p0_representative_case;correctness=upstream_pass;random_streams=independent;shape_and_range=aligned;engine=xorshift64star;distributions=hoisted;channels=unrolled;rows=typed
cvh_auto,full,core_mat,RANDU,C3,header_fastpath,header_fastpath,unknown,header_fastpath,CV_32F,3,continuous,320x240,0.321496,0.231779,0.720940,OK,phase2_p0_representative_case;correctness=upstream_pass;random_streams=independent;shape_and_range=aligned;engine=xorshift64star;distributions=hoisted;channels=unrolled;rows=typed
cvh_auto,full,core_mat,RANDN,C3,header_fastpath,header_fastpath,unknown,header_fastpath,CV_32F,3,continuous,320x240,1.055500,0.414254,0.392472,OK,phase2_p0_representative_case;correctness=upstream_pass;random_streams=independent;shape_and_range=aligned;engine=xorshift64star;distributions=hoisted;channels=unrolled;rows=typed
cvh_auto,full,core_mat,RANDU,C1,header_fastpath,header_fastpath,unknown,header_fastpath,CV_8U,1,roi,320x240,0.110638,0.025688,0.232177,OK,phase2_p0_representative_case;correctness=upstream_pass;random_streams=independent;shape_and_range=aligned;engine=xorshift64star;distributions=hoisted;channels=unrolled;rows=typed
cvh_auto,full,core_mat,TRANSFORM,F32_C3_TO_C4,header_fastpath,header_fastpath,unknown,header_fastpath,CV_32F,3,continuous,16384x1,0.030767,0.036112,1.173753,OK,phase2_p0_representative_case;correctness=upstream_pass;coefficients=prepacked;channels=specialized;span=continuous
cvh_auto,full,core_mat,PERSPECTIVE_TRANSFORM,F32_C3,header_fastpath,header_fastpath,unknown,header_fastpath,CV_32F,3,continuous,16384x1,0.029388,0.029321,0.997734,OK,phase2_p0_representative_case;correctness=upstream_pass;coefficients=prepacked;channels=specialized;span=continuous
cvh_auto,full,imgproc,CONNECTED_COMPONENTS,SPARSE_8,public_header_scalar,public_header_scalar,unknown,public_header_scalar,CV_8U,1,continuous,320x240,0.056604,0.030058,0.531026,OK,phase2_p0_representative_case;correctness=upstream_pass;no_ui_fastpath
cvh_auto,full,imgproc,CONNECTED_COMPONENTS_WITH_STATS,SPARSE_8,public_header_scalar,public_header_scalar,unknown,public_header_scalar,CV_8U,1,continuous,320x240,0.165246,0.127025,0.768703,OK,phase2_p0_representative_case;correctness=upstream_pass;no_ui_fastpath
cvh_auto,full,imgproc,FIND_CONTOURS,RETR_LIST_SIMPLE,public_header_scalar,public_header_scalar,unknown,public_header_scalar,CV_8U,1,continuous,320x240,0.101154,0.064125,0.633934,OK,phase2_p0_representative_case;correctness=upstream_pass;no_ui_fastpath
cvh_auto,full,imgproc,BOUNDING_RECT,S32_POINTS,public_header_scalar,public_header_scalar,unknown,public_header_scalar,CV_32S,2,vector,16384 points,0.001521,0.003765,2.475214,OK,phase2_p0_representative_case;correctness=upstream_pass;micro_warmup=2;micro_iterations=100;micro_repeats=3;no_ui_fastpath
cvh_auto,full,imgproc,CONTOUR_AREA,S32_POINTS,public_header_scalar,public_header_scalar,unknown,public_header_scalar,CV_32S,2,vector,16384 points,0.009673,0.009378,0.969418,OK,phase2_p0_representative_case;correctness=upstream_pass;micro_warmup=2;micro_iterations=100;micro_repeats=3;no_ui_fastpath
cvh_auto,full,imgproc,ARC_LENGTH,S32_POINTS,public_header_scalar,public_header_scalar,unknown,public_header_scalar,CV_32S,2,vector,16384 points,0.009651,0.008649,0.896127,OK,phase2_p0_representative_case;correctness=upstream_pass;micro_warmup=2;micro_iterations=100;micro_repeats=3;no_ui_fastpath
cvh_auto,full,imgproc,APPROX_POLY_DP,EPS_1_CLOSED,public_header_scalar,public_header_scalar,unknown,public_header_scalar,CV_32S,2,vector,16384 points,1.761172,0.961702,0.546058,OK,phase2_p0_representative_case;correctness=upstream_pass;micro_warmup=2;micro_iterations=100;micro_repeats=3;no_ui_fastpath
cvh_auto,full,imgproc,CONVEX_HULL,CCW_POINTS,public_header_scalar,public_header_scalar,unknown,public_header_scalar,CV_32S,2,vector,16384 points,0.086363,0.043383,0.502338,OK,phase2_p0_representative_case;correctness=upstream_pass;micro_warmup=2;micro_iterations=100;micro_repeats=3;no_ui_fastpath
cvh_auto,full,imgproc,IS_CONTOUR_CONVEX,S32_POINTS,public_header_scalar,public_header_scalar,unknown,public_header_scalar,CV_32S,2,vector,16384 points,0.000002,0.000009,4.206731,OK,phase2_p0_representative_case;correctness=upstream_pass;micro_warmup=2;micro_iterations=100;micro_repeats=3;no_ui_fastpath
cvh_auto,full,imgproc,MOMENTS,S32_POINTS,public_header_scalar,public_header_scalar,unknown,public_header_scalar,CV_32S,2,vector,16384 points,0.033762,0.033829,1.001987,OK,phase2_p0_representative_case;correctness=upstream_pass;micro_warmup=2;micro_iterations=100;micro_repeats=3;no_ui_fastpath
cvh_auto,full,imgproc,CALC_HIST,U8C1_256,header_fastpath,header_fastpath,unknown,header_fastpath,CV_8U,1,continuous,320x240,0.023708,0.015279,0.644466,OK,phase2_p0_representative_case;correctness=upstream_pass;method=split;rows=typed;accumulator=local
cvh_auto,full,imgproc,COMPARE_HIST,METHOD_0,header_fastpath,header_fastpath,unknown,header_fastpath,CV_32F,1,continuous,256 bins,0.000142,0.000146,1.029277,OK,phase2_p0_representative_case;correctness=upstream_pass;micro_warmup=2;micro_iterations=100;micro_repeats=3;method=split;rows=typed;accumulator=local
cvh_auto,full,imgproc,COMPARE_HIST,METHOD_1,header_fastpath,header_fastpath,unknown,header_fastpath,CV_32F,1,continuous,256 bins,0.000152,0.000122,0.802189,OK,phase2_p0_representative_case;correctness=upstream_pass;micro_warmup=2;micro_iterations=100;micro_repeats=3;method=split;rows=typed;accumulator=local
cvh_auto,full,imgproc,COMPARE_HIST,METHOD_2,header_fastpath,header_fastpath,unknown,header_fastpath,CV_32F,1,continuous,256 bins,0.000083,0.000057,0.688457,OK,phase2_p0_representative_case;correctness=upstream_pass;micro_warmup=2;micro_iterations=100;micro_repeats=3;method=split;rows=typed;accumulator=local
cvh_auto,full,imgproc,COMPARE_HIST,METHOD_3,header_fastpath,header_fastpath,unknown,header_fastpath,CV_32F,1,continuous,256 bins,0.000133,0.000120,0.903105,OK,phase2_p0_representative_case;correctness=upstream_pass;micro_warmup=2;micro_iterations=100;micro_repeats=3;method=split;rows=typed;accumulator=local
cvh_auto,full,imgproc,MATCH_TEMPLATE,METHOD_0,opencv_ui,opencv_ui,unknown,opencv_ui,CV_8U,1,continuous,320x240/16x16,1.423912,1.044479,0.733528,OK,phase2_p0_representative_case;correctness=upstream_pass
cvh_auto,full,imgproc,MATCH_TEMPLATE,METHOD_1,opencv_ui,opencv_ui,unknown,opencv_ui,CV_8U,1,continuous,320x240/16x16,1.487350,1.049867,0.705864,OK,phase2_p0_representative_case;correctness=upstream_pass
cvh_auto,full,imgproc,MATCH_TEMPLATE,METHOD_2,opencv_ui,opencv_ui,unknown,opencv_ui,CV_8U,1,continuous,320x240/16x16,1.291729,0.750542,0.581036,OK,phase2_p0_representative_case;correctness=upstream_pass
cvh_auto,full,imgproc,MATCH_TEMPLATE,METHOD_3,opencv_ui,opencv_ui,unknown,opencv_ui,CV_8U,1,continuous,320x240/16x16,1.487733,0.924954,0.621720,OK,phase2_p0_representative_case;correctness=upstream_pass
