schema_version,mode,suite,module,op,variant,depth,channels,layout,shape,pixels,implementation,candidate_route,dispatch_path,observed_isa,allocation_mode,warmup,iters,repeats,threads,execution_groups,full_frame_intermediates,workspace_bytes,min_ms,median_ms,fps,mpix_per_sec,speedup_vs_staged,checksum,status,note
1,internal,pipeline,pipeline,MODEL_INPUT_PACKED_F32,linear,CV_32F,3,NCHW,1280x720_bgr_to_640x640_rgb_f32_nchw_linear,409600,staged_p0,scalar,scalar,scalar,reuse,3,3,7,1,4,3,7372800,1.711222,1.887555,529.785793,217.000261,1.000000,13617742837035634022,ok,bgr_to_rgb
1,internal,pipeline,pipeline,MODEL_INPUT_PACKED_F32,linear,CV_32F,3,NCHW,1280x720_bgr_to_640x640_rgb_f32_nchw_linear,409600,fused_scalar,scalar,scalar,scalar,reuse,3,3,7,1,1,0,0,1.019764,1.062611,941.077860,385.465492,1.776337,13617742837035634022,ok,bgr_to_rgb
1,internal,pipeline,pipeline,MODEL_INPUT_PACKED_F32,linear,CV_32F,3,NCHW,1280x720_bgr_to_640x640_rgb_f32_nchw_linear,409600,fused_auto,scalar,scalar,scalar,reuse,3,3,7,1,1,0,0,1.016653,1.033639,967.455756,396.269878,1.826126,13617742837035634022,ok,bgr_to_rgb
1,internal,pipeline,pipeline,MODEL_INPUT_PACKED_F32,linear,CV_32F,3,NCHW,1920x1080_bgr_to_640x640_rgb_f32_nchw_linear,409600,staged_p0,scalar,scalar,scalar,reuse,3,3,7,1,4,3,7372800,1.512208,1.525833,655.379574,268.443474,1.000000,8883676311777110985,ok,bgr_to_rgb
1,internal,pipeline,pipeline,MODEL_INPUT_PACKED_F32,linear,CV_32F,3,NCHW,1920x1080_bgr_to_640x640_rgb_f32_nchw_linear,409600,fused_scalar,scalar,scalar,scalar,reuse,3,3,7,1,1,0,0,1.027847,1.035139,966.053834,395.695651,1.474037,8883676311777110985,ok,bgr_to_rgb
1,internal,pipeline,pipeline,MODEL_INPUT_PACKED_F32,linear,CV_32F,3,NCHW,1920x1080_bgr_to_640x640_rgb_f32_nchw_linear,409600,fused_auto,scalar,scalar,scalar,reuse,3,3,7,1,1,0,0,1.019486,1.028417,972.368528,398.282149,1.483672,8883676311777110985,ok,bgr_to_rgb
1,internal,pipeline,pipeline,MODEL_INPUT_PACKED_F32,linear,CV_32F,3,NCHW,640x480_rgb_to_224x224_rgb_f32_nchw_linear,50176,staged_p0,scalar,scalar,scalar,reuse,3,3,7,1,4,3,903168,0.186514,0.191236,5229.140957,262.377377,1.000000,1587478070526819703,ok,rgb_identity
1,internal,pipeline,pipeline,MODEL_INPUT_PACKED_F32,linear,CV_32F,3,NCHW,640x480_rgb_to_224x224_rgb_f32_nchw_linear,50176,fused_scalar,scalar,scalar,scalar,reuse,3,3,7,1,1,0,0,0.124667,0.124736,8016.910336,402.256493,1.533122,1587478070526819703,ok,rgb_identity
1,internal,pipeline,pipeline,MODEL_INPUT_PACKED_F32,linear,CV_32F,3,NCHW,640x480_rgb_to_224x224_rgb_f32_nchw_linear,50176,fused_auto,scalar,scalar,scalar,reuse,3,3,7,1,1,0,0,0.124722,0.124847,8009.782614,401.898852,1.531759,1587478070526819703,ok,rgb_identity
1,internal,pipeline,pipeline,MODEL_INPUT_PACKED_F32,linear,CV_32F,3,NHWC,1280x720_bgr_to_640x640_rgb_f32_nhwc_linear,409600,staged_p0,scalar,scalar,scalar,reuse,3,3,7,1,4,3,7372800,1.202125,1.206403,828.910635,339.521796,1.000000,6736802112407208422,ok,bgr_to_rgb
1,internal,pipeline,pipeline,MODEL_INPUT_PACKED_F32,linear,CV_32F,3,NHWC,1280x720_bgr_to_640x640_rgb_f32_nhwc_linear,409600,fused_scalar,scalar,scalar,scalar,reuse,3,3,7,1,1,0,0,0.999361,1.006500,993.541977,406.954794,1.198612,6736802112407208422,ok,bgr_to_rgb
1,internal,pipeline,pipeline,MODEL_INPUT_PACKED_F32,linear,CV_32F,3,NHWC,1280x720_bgr_to_640x640_rgb_f32_nhwc_linear,409600,fused_auto,scalar,scalar,scalar,reuse,3,3,7,1,1,0,0,0.994889,1.010181,989.921935,405.472024,1.194244,6736802112407208422,ok,bgr_to_rgb
1,internal,pipeline,pipeline,MODEL_INPUT_PACKED_F32,nearest,CV_32F,3,NCHW,1280x720_bgr_to_640x640_rgb_f32_nchw_nearest,409600,staged_p0,scalar,scalar,scalar,reuse,3,3,7,1,4,3,7372800,0.943361,0.955792,1046.253106,428.545272,1.000000,2170428856288077002,ok,bgr_to_rgb
1,internal,pipeline,pipeline,MODEL_INPUT_PACKED_F32,nearest,CV_32F,3,NCHW,1280x720_bgr_to_640x640_rgb_f32_nchw_nearest,409600,fused_scalar,neon,scalar,scalar,reuse,3,3,7,1,1,0,0,0.354375,0.355681,2811.510700,1151.594783,2.687218,2170428856288077002,ok,bgr_to_rgb
1,internal,pipeline,pipeline,MODEL_INPUT_PACKED_F32,nearest,CV_32F,3,NCHW,1280x720_bgr_to_640x640_rgb_f32_nchw_nearest,409600,fused_auto,neon,neon,neon,reuse,3,3,7,1,1,0,0,0.118667,0.124306,8044.685547,3295.103200,7.689043,2170428856288077002,ok,bgr_to_rgb
1,internal,pipeline,pipeline,MODEL_INPUT_PACKED_F32_LETTERBOX,nearest,CV_32F,3,NCHW,1280x720_bgr_letterbox_640x640_rgb_f32_nchw_nearest,409600,staged_p0,scalar,scalar,scalar,reuse,3,3,7,1,4,3,7372800,1.198611,1.206125,829.101461,339.599959,1.000000,11849062763261262192,ok,bgr_to_rgb
1,internal,pipeline,pipeline,MODEL_INPUT_PACKED_F32_LETTERBOX,nearest,CV_32F,3,NCHW,1280x720_bgr_letterbox_640x640_rgb_f32_nchw_nearest,409600,fused_scalar,neon,scalar,scalar,reuse,3,3,7,1,1,0,0,0.597097,0.604333,1654.715940,677.771649,1.995794,11849062763261262192,ok,bgr_to_rgb
1,internal,pipeline,pipeline,MODEL_INPUT_PACKED_F32_LETTERBOX,nearest,CV_32F,3,NCHW,1280x720_bgr_letterbox_640x640_rgb_f32_nchw_nearest,409600,fused_auto,neon,neon,neon,reuse,3,3,7,1,1,0,0,0.276069,0.284306,3517.341078,1440.702905,4.242353,11849062763261262192,ok,bgr_to_rgb
1,internal,pipeline,pipeline,MODEL_INPUT_YUV420_F32,linear,CV_32F,3,NCHW,1280x720_nv12_to_640x640_rgb_f32_nchw_linear,409600,fused_scalar,scalar,scalar,scalar,reuse,3,3,7,1,1,0,0,10.072917,10.100528,99.004729,40.552337,0.000000,9366306608337106819,ok,nv12_bt709_limited_left_to_rgb
1,internal,pipeline,pipeline,MODEL_INPUT_PACKED_U8,nearest,CV_8U,3,NCHW,1280x720_bgr_to_640x640_rgb_u8_nchw_nearest,409600,staged_p0,scalar,scalar,scalar,reuse,3,3,7,1,5,4,8601600,1.924542,1.950389,512.718232,210.009388,1.000000,18335021459575583639,ok,bgr_to_rgb
1,internal,pipeline,pipeline,MODEL_INPUT_PACKED_U8,nearest,CV_8U,3,NCHW,1280x720_bgr_to_640x640_rgb_u8_nchw_nearest,409600,fused_scalar,scalar,scalar,scalar,reuse,3,3,7,1,1,0,0,1.458055,1.465250,682.477393,279.542740,1.331096,18335021459575583639,ok,bgr_to_rgb
1,internal,pipeline,pipeline,MODEL_INPUT_PACKED_U8,nearest,CV_8U,3,NCHW,1280x720_bgr_to_640x640_rgb_u8_nchw_nearest,409600,fused_auto,scalar,scalar,scalar,reuse,3,3,7,1,1,0,0,1.442014,1.457570,686.073553,281.015727,1.338110,18335021459575583639,ok,bgr_to_rgb
1,internal,pipeline,pipeline,MODEL_INPUT_PACKED_S8,linear,CV_8S,3,NHWC,640x480_bgr_to_224x224_rgb_s8_nhwc_linear,50176,staged_p0,scalar,scalar,scalar,reuse,3,3,7,1,5,4,1053696,0.261875,0.261972,3817.196981,191.531676,1.000000,3045878766183144906,ok,bgr_to_rgb
1,internal,pipeline,pipeline,MODEL_INPUT_PACKED_S8,linear,CV_8S,3,NHWC,640x480_bgr_to_224x224_rgb_s8_nhwc_linear,50176,fused_scalar,scalar,scalar,scalar,reuse,3,3,7,1,1,0,0,0.249695,0.253055,3951.704897,198.280745,1.035237,3045878766183144906,ok,bgr_to_rgb
1,internal,pipeline,pipeline,MODEL_INPUT_PACKED_S8,linear,CV_8S,3,NHWC,640x480_bgr_to_224x224_rgb_s8_nhwc_linear,50176,fused_auto,scalar,scalar,scalar,reuse,3,3,7,1,1,0,0,0.249708,0.249722,4004.447606,200.927163,1.049054,3045878766183144906,ok,bgr_to_rgb
1,internal,pipeline,pipeline,MODEL_INPUT_YUV420_S8,linear,CV_8S,3,NCHW,1280x720_nv12_to_640x640_rgb_s8_nchw_linear,409600,fused_scalar,scalar,scalar,scalar,reuse,3,3,7,1,1,0,0,12.016500,12.076764,82.803638,33.916370,0.000000,13423987305786661862,ok,nv12_bt709_limited_left_to_rgb
